{"nonce": 0.04041719, "memfree": 82960, "token": "0.5848067", "t_stop": 235143, "tries": 0, "delay": 765, "gw": "c44f336ab5c1", "status": 1, "t_start": 234374}
{"nonce": 0.04041719, "memfree": 82896, "token": "0.8231224", "t_stop": 238149, "tries": 0, "delay": 761, "gw": "c44f336ab5c1", "status": 1, "t_start": 237385}
{"nonce": 0.04041719, "memfree": 82896, "token": "0.09885084", "t_stop": 241185, "tries": 0, "delay": 766, "gw": "c44f336ab5c1", "status": 1, "t_start": 240415}
{"nonce": 0.04041719, "memfree": 82896, "token": "0.9575806", "t_stop": 244209, "tries": 0, "delay": 761, "gw": "c44f336ab5c1", "status": 1, "t_start": 243444}
{"nonce": 0.04041719, "memfree": 82896, "token": "0.885543", "t_stop": 247226, "tries": 0, "delay": 759, "gw": "c44f336ab5c1", "status": 1, "t_start": 246464}
{"nonce": 0.04041719, "memfree": 82896, "token": "0.2802917", "t_stop": 250250, "tries": 0, "delay": 760, "gw": "c44f336ab5c1", "status": 1, "t_start": 249487}
{"nonce": 0.04041719, "memfree": 82896, "token": "0.1113521", "t_stop": 253259, "tries": 0, "delay": 760, "gw": "c44f336ab5c1", "status": 1, "t_start": 252495}
{"nonce": 0.04041719, "memfree": 82896, "token": "0.9270477", "t_stop": 256282, "tries": 0, "delay": 760, "gw": "c44f336ab5c1", "status": 1, "t_start": 255518}
{"nonce": 0.04041719, "memfree": 82896, "token": "0.6636983", "t_stop": 260169, "tries": 0, "delay": 761, "gw": "c44f336ab5c1", "status": 1, "t_start": 259405}
{"nonce": 0.04041719, "memfree": 82896, "token": "0.8344769", "t_stop": 263191, "tries": 0, "delay": 759, "gw": "c44f336ab5c1", "status": 1, "t_start": 262429}
{"nonce": 0.04041719, "memfree": 82896, "token": "0.1374798", "t_stop": 266218, "tries": 0, "delay": 762, "gw": "c44f336ab5c1", "status": 1, "t_start": 265453}
{"nonce": 0.04041719, "memfree": 82896, "token": "0.08646989", "t_stop": 269256, "tries": 0, "delay": 767, "gw": "c44f336ab5c1", "status": 1, "t_start": 268486}
{"nonce": 0.04041719, "memfree": 82896, "token": "0.005471826", "t_stop": 272276, "tries": 0, "delay": 766, "gw": "c44f336ab5c1", "status": 1, "t_start": 271507}
{"nonce": 0.04041719, "memfree": 82896, "token": "0.9553113", "t_stop": 275288, "tries": 0, "delay": 760, "gw": "c44f336ab5c1", "status": 1, "t_start": 274524}
{"nonce": 0.04041719, "memfree": 82896, "token": "0.5658551", "t_stop": 278308, "tries": 0, "delay": 760, "gw": "c44f336ab5c1", "status": 1, "t_start": 277544}
{"nonce": 0.04041719, "memfree": 82896, "token": "0.5703186", "t_stop": 281343, "tries": 0, "delay": 762, "gw": "c44f336ab5c1", "status": 1, "t_start": 280578}
{"nonce": 0.04041719, "memfree": 82896, "token": "0.8632989", "t_stop": 284374, "tries": 0, "delay": 761, "gw": "c44f336ab5c1", "status": 1, "t_start": 283609}
{"nonce": 0.04041719, "memfree": 82896, "token": "0.6628613", "t_stop": 287402, "tries": 0, "delay": 761, "gw": "c44f336ab5c1", "status": 1, "t_start": 286637}
{"nonce": 0.04041719, "memfree": 82896, "token": "0.3569705", "t_stop": 290429, "tries": 0, "delay": 765, "gw": "c44f336ab5c1", "status": 1, "t_start": 289660}
{"nonce": 0.04041719, "memfree": 82928, "token": "0.5090806", "t_stop": 293450, "tries": 0, "delay": 767, "gw": "c44f336ab5c1", "status": 1, "t_start": 292679}
{"nonce": 0.04041719, "memfree": 82928, "token": "0.1801894", "t_stop": 296462, "tries": 0, "delay": 766, "gw": "c44f336ab5c1", "status": 1, "t_start": 295692}
{"nonce": 0.04041719, "memfree": 82928, "token": "0.9627448", "t_stop": 299492, "tries": 0, "delay": 760, "gw": "c44f336ab5c1", "status": 1, "t_start": 298728}
{"nonce": 0.04041719, "memfree": 82928, "token": "0.5366452", "t_stop": 302513, "tries": 0, "delay": 766, "gw": "c44f336ab5c1", "status": 1, "t_start": 301744}
{"nonce": 0.04041719, "memfree": 82928, "token": "0.5999191", "t_stop": 305542, "tries": 0, "delay": 761, "gw": "c44f336ab5c1", "status": 1, "t_start": 304778}
{"nonce": 0.04041719, "memfree": 82928, "token": "0.1220524", "t_stop": 308567, "tries": 0, "delay": 765, "gw": "c44f336ab5c1", "status": 1, "t_start": 307798}
{"nonce": 0.04041719, "memfree": 82928, "token": "0.7911996", "t_stop": 311586, "tries": 0, "delay": 765, "gw": "c44f336ab5c1", "status": 1, "t_start": 310817}
{"nonce": 0.04041719, "memfree": 82928, "token": "0.3121858", "t_stop": 314607, "tries": 0, "delay": 767, "gw": "c44f336ab5c1", "status": 1, "t_start": 313837}
{"nonce": 0.04041719, "memfree": 82928, "token": "0.6855752", "t_stop": 317622, "tries": 0, "delay": 761, "gw": "c44f336ab5c1", "status": 1, "t_start": 316858}
{"nonce": 0.04041719, "memfree": 82928, "token": "0.9205088", "t_stop": 320640, "tries": 0, "delay": 762, "gw": "c44f336ab5c1", "status": 1, "t_start": 319875}
{"nonce": 0.04041719, "memfree": 82928, "token": "0.1471865", "t_stop": 323671, "tries": 0, "delay": 761, "gw": "c44f336ab5c1", "status": 1, "t_start": 322907}
{"nonce": 0.04041719, "memfree": 82928, "token": "0.6092684", "t_stop": 326691, "tries": 0, "delay": 761, "gw": "c44f336ab5c1", "status": 1, "t_start": 325927}
{"nonce": 0.04041719, "memfree": 82928, "token": "0.3371439", "t_stop": 329719, "tries": 0, "delay": 762, "gw": "c44f336ab5c1", "status": 1, "t_start": 328954}
{"nonce": 0.04041719, "memfree": 82928, "token": "0.7575996", "t_stop": 332737, "tries": 0, "delay": 759, "gw": "c44f336ab5c1", "status": 1, "t_start": 331974}
{"nonce": 0.04041719, "memfree": 82928, "token": "0.3023633", "t_stop": 335763, "tries": 0, "delay": 761, "gw": "c44f336ab5c1", "status": 1, "t_start": 334998}
{"nonce": 0.04041719, "memfree": 82928, "token": "0.3391682", "t_stop": 349796, "tries": 1, "delay": 11776, "gw": "c44f336ab5c1", "status": 1, "t_start": 338017}
{"nonce": 0.04041719, "memfree": 82928, "token": "0.03596294", "t_stop": 352878, "tries": 0, "delay": 770, "gw": "c44f336ab5c1", "status": 1, "t_start": 352105}
{"nonce": 0.04041719, "memfree": 82928, "token": "0.8952126", "t_stop": 355892, "tries": 0, "delay": 760, "gw": "c44f336ab5c1", "status": 1, "t_start": 355128}
{"nonce": 0.04041719, "memfree": 82928, "token": "0.1746398", "t_stop": 358917, "tries": 0, "delay": 759, "gw": "c44f336ab5c1", "status": 1, "t_start": 358154}
{"nonce": 0.04041719, "memfree": 82928, "token": "0.9035449", "t_stop": 361941, "tries": 0, "delay": 762, "gw": "c44f336ab5c1", "status": 1, "t_start": 361176}
{"nonce": 0.04041719, "memfree": 82928, "token": "0.7884823", "t_stop": 364962, "tries": 0, "delay": 760, "gw": "c44f336ab5c1", "status": 1, "t_start": 364198}
