{"delay": 2976, "tries": 1, "t_stop": 447216, "memfree": 80032, "ACK": 0.5764137, "temp": 131, "token": 0.6433286, "frag_count": 3, "hall": 85, "received_len": 550, "t_start": 444240}
{"delay": 2974, "tries": 0, "t_stop": 451308, "memfree": 80032, "ACK": 0.5764137, "temp": 131, "token": 0.6097763, "frag_count": 3, "hall": 77, "received_len": 550, "t_start": 448334}
{"delay": 2970, "tries": 0, "t_stop": 455403, "memfree": 80032, "ACK": 0.5764137, "temp": 131, "token": 0.6137726, "frag_count": 3, "hall": 91, "received_len": 550, "t_start": 452433}
{"delay": 2968, "tries": 0, "t_stop": 459483, "memfree": 80032, "ACK": 0.5764137, "temp": 131, "token": 0.119264, "frag_count": 3, "hall": 77, "received_len": 550, "t_start": 456515}
{"delay": 2978, "tries": 0, "t_stop": 463587, "memfree": 80032, "ACK": 0.5764137, "temp": 131, "token": 0.3881687, "frag_count": 3, "hall": 74, "received_len": 550, "t_start": 460609}
{"delay": 2978, "tries": 0, "t_stop": 467677, "memfree": 80032, "ACK": 0.5764137, "temp": 131, "token": 0.9683141, "frag_count": 3, "hall": 90, "received_len": 550, "t_start": 464699}
{"delay": 2977, "tries": 0, "t_stop": 471762, "memfree": 80032, "ACK": 0.5764137, "temp": 131, "token": 0.4953103, "frag_count": 3, "hall": 86, "received_len": 550, "t_start": 468786}
{"delay": 2978, "tries": 0, "t_stop": 475867, "memfree": 80032, "ACK": 0.5764137, "temp": 131, "token": 0.4456995, "frag_count": 3, "hall": 87, "received_len": 550, "t_start": 472889}
{"delay": 2974, "tries": 0, "t_stop": 479952, "memfree": 80032, "ACK": 0.5764137, "temp": 131, "token": 0.6079087, "frag_count": 3, "hall": 76, "received_len": 550, "t_start": 476978}
{"delay": 2974, "tries": 0, "t_stop": 484048, "memfree": 80032, "ACK": 0.5764137, "temp": 131, "token": 0.8083125, "frag_count": 3, "hall": 82, "received_len": 550, "t_start": 481074}
{"delay": 2980, "tries": 0, "t_stop": 488139, "memfree": 80032, "ACK": 0.5764137, "temp": 131, "token": 0.4450245, "frag_count": 3, "hall": 78, "received_len": 550, "t_start": 485159}
{"delay": 2974, "tries": 0, "t_stop": 492219, "memfree": 80032, "ACK": 0.5764137, "temp": 131, "token": 0.3117868, "frag_count": 3, "hall": 75, "received_len": 550, "t_start": 489245}
{"delay": 2974, "tries": 1, "t_stop": 508481, "memfree": 80032, "ACK": 0.5764137, "temp": 131, "token": 0.5791058, "frag_count": 3, "hall": 81, "received_len": 550, "t_start": 505507}
{"delay": 2974, "tries": 0, "t_stop": 512577, "memfree": 80032, "ACK": 0.5764137, "temp": 131, "token": 0.4999475, "frag_count": 3, "hall": 77, "received_len": 550, "t_start": 509603}
{"delay": 2964, "tries": 0, "t_stop": 516688, "memfree": 80032, "ACK": 0.5764137, "temp": 131, "token": 0.806996, "frag_count": 3, "hall": 81, "received_len": 550, "t_start": 513724}
{"delay": 2975, "tries": 0, "t_stop": 520787, "memfree": 80032, "ACK": 0.5764137, "temp": 131, "token": 0.9428491, "frag_count": 3, "hall": 76, "received_len": 550, "t_start": 517812}
{"delay": 2967, "tries": 1, "t_stop": 537030, "memfree": 80032, "ACK": 0.5764137, "temp": 131, "token": 0.585618, "frag_count": 3, "hall": 87, "received_len": 550, "t_start": 534063}
{"delay": 2974, "tries": 0, "t_stop": 541127, "memfree": 80032, "ACK": 0.5764137, "temp": 131, "token": 0.2520118, "frag_count": 3, "hall": 87, "received_len": 550, "t_start": 538153}
{"delay": 2973, "tries": 0, "t_stop": 545243, "memfree": 79984, "ACK": 0.5764137, "temp": 132, "token": 0.2999369, "frag_count": 3, "hall": 83, "received_len": 550, "t_start": 542270}
{"delay": 2975, "tries": 0, "t_stop": 549354, "memfree": 79984, "ACK": 0.5764137, "temp": 132, "token": 0.520791, "frag_count": 3, "hall": 78, "received_len": 550, "t_start": 546379}
{"delay": 2980, "tries": 0, "t_stop": 553470, "memfree": 79984, "ACK": 0.5764137, "temp": 132, "token": 0.02210498, "frag_count": 3, "hall": 76, "received_len": 550, "t_start": 550490}
{"delay": 2979, "tries": 0, "t_stop": 557578, "memfree": 79984, "ACK": 0.5764137, "temp": 132, "token": 0.8151804, "frag_count": 3, "hall": 94, "received_len": 550, "t_start": 554599}
{"delay": 2973, "tries": 0, "t_stop": 561746, "memfree": 79984, "ACK": 0.5764137, "temp": 132, "token": 0.1583139, "frag_count": 3, "hall": 78, "received_len": 550, "t_start": 558773}
{"delay": 2974, "tries": 0, "t_stop": 565828, "memfree": 79984, "ACK": 0.5764137, "temp": 132, "token": 0.01987398, "frag_count": 3, "hall": 72, "received_len": 550, "t_start": 562854}
{"delay": 2979, "tries": 0, "t_stop": 569927, "memfree": 79984, "ACK": 0.5764137, "temp": 131, "token": 0.6171814, "frag_count": 3, "hall": 85, "received_len": 550, "t_start": 566948}
{"delay": 2973, "tries": 0, "t_stop": 574009, "memfree": 79984, "ACK": 0.5764137, "temp": 132, "token": 0.3072563, "frag_count": 3, "hall": 83, "received_len": 550, "t_start": 571036}
{"delay": 2966, "tries": 0, "t_stop": 578079, "memfree": 79984, "ACK": 0.5764137, "temp": 132, "token": 0.804407, "frag_count": 3, "hall": 79, "received_len": 550, "t_start": 575113}
{"delay": 2972, "tries": 1, "t_stop": 594309, "memfree": 79984, "ACK": 0.5764137, "temp": 132, "token": 0.2232151, "frag_count": 3, "hall": 74, "received_len": 550, "t_start": 591337}
{"delay": 2978, "tries": 0, "t_stop": 598407, "memfree": 79984, "ACK": 0.5764137, "temp": 132, "token": 0.6323655, "frag_count": 3, "hall": 78, "received_len": 550, "t_start": 595429}
{"delay": 2976, "tries": 0, "t_stop": 602493, "memfree": 79984, "ACK": 0.5764137, "temp": 132, "token": 0.9861273, "frag_count": 3, "hall": 83, "received_len": 550, "t_start": 599517}
{"delay": 2972, "tries": 0, "t_stop": 606601, "memfree": 79952, "ACK": 0.5764137, "temp": 132, "token": 0.8993311, "frag_count": 3, "hall": 83, "received_len": 550, "t_start": 603629}
{"delay": 2973, "tries": 0, "t_stop": 610699, "memfree": 79952, "ACK": 0.5764137, "temp": 132, "token": 0.9021961, "frag_count": 3, "hall": 86, "received_len": 550, "t_start": 607726}
{"delay": 2969, "tries": 0, "t_stop": 614814, "memfree": 79952, "ACK": 0.5764137, "temp": 132, "token": 0.8351635, "frag_count": 3, "hall": 85, "received_len": 550, "t_start": 611845}
{"delay": 2975, "tries": 0, "t_stop": 618923, "memfree": 79904, "ACK": 0.5764137, "temp": 132, "token": 0.3572613, "frag_count": 3, "hall": 83, "received_len": 550, "t_start": 615948}
{"delay": 2972, "tries": 0, "t_stop": 623030, "memfree": 79904, "ACK": 0.5764137, "temp": 132, "token": 0.9501709, "frag_count": 3, "hall": 84, "received_len": 550, "t_start": 620058}
{"delay": 2975, "tries": 0, "t_stop": 627141, "memfree": 79904, "ACK": 0.5764137, "temp": 132, "token": 0.5033362, "frag_count": 3, "hall": 78, "received_len": 550, "t_start": 624166}
{"delay": 2973, "tries": 1, "t_stop": 643410, "memfree": 79904, "ACK": 0.5764137, "temp": 132, "token": 0.8792433, "frag_count": 3, "hall": 83, "received_len": 550, "t_start": 640437}
{"delay": 2975, "tries": 0, "t_stop": 647519, "memfree": 79904, "ACK": 0.5764137, "temp": 132, "token": 0.8884182, "frag_count": 3, "hall": 78, "received_len": 550, "t_start": 644544}
{"delay": 2976, "tries": 0, "t_stop": 651623, "memfree": 79904, "ACK": 0.5764137, "temp": 132, "token": 0.04117334, "frag_count": 3, "hall": 81, "received_len": 550, "t_start": 648648}
{"delay": 2974, "tries": 0, "t_stop": 655729, "memfree": 79904, "ACK": 0.5764137, "temp": 133, "token": 0.5308801, "frag_count": 3, "hall": 78, "received_len": 550, "t_start": 652755}
