{"delay": 3336, "tries": 0, "t_stop": 663271, "memfree": 79728, "ACK": 0.7886686, "temp": 133, "token": 0.801137, "frag_count": 3, "hall": 78, "received_len": 760, "t_start": 659935}
{"delay": 3340, "tries": 0, "t_stop": 667828, "memfree": 79728, "ACK": 0.7886686, "temp": 132, "token": 0.7573033, "frag_count": 3, "hall": 78, "received_len": 760, "t_start": 664488}
{"delay": 3336, "tries": 0, "t_stop": 672361, "memfree": 79728, "ACK": 0.7886686, "temp": 133, "token": 0.4499028, "frag_count": 3, "hall": 88, "received_len": 760, "t_start": 669025}
{"delay": 3337, "tries": 0, "t_stop": 676890, "memfree": 79728, "ACK": 0.7886686, "temp": 133, "token": 0.2360392, "frag_count": 3, "hall": 82, "received_len": 760, "t_start": 673553}
{"delay": 3327, "tries": 0, "t_stop": 681393, "memfree": 79728, "ACK": 0.7886686, "temp": 133, "token": 0.378382, "frag_count": 3, "hall": 85, "received_len": 760, "t_start": 678066}
{"delay": 3338, "tries": 0, "t_stop": 685926, "memfree": 79728, "ACK": 0.7886686, "temp": 133, "token": 0.8911793, "frag_count": 3, "hall": 83, "received_len": 760, "t_start": 682588}
{"delay": 3343, "tries": 0, "t_stop": 691516, "memfree": 79728, "ACK": 0.7886686, "temp": 133, "token": 0.5187347, "frag_count": 3, "hall": 78, "received_len": 760, "t_start": 688173}
{"delay": 3332, "tries": 0, "t_stop": 696051, "memfree": 79728, "ACK": 0.7886686, "temp": 133, "token": 0.1447744, "frag_count": 3, "hall": 83, "received_len": 760, "t_start": 692719}
{"delay": 3341, "tries": 0, "t_stop": 700608, "memfree": 79728, "ACK": 0.7886686, "temp": 133, "token": 0.5752633, "frag_count": 3, "hall": 80, "received_len": 760, "t_start": 697267}
{"delay": 3337, "tries": 1, "t_stop": 717246, "memfree": 79728, "ACK": 0.7886686, "temp": 133, "token": 0.5281334, "frag_count": 3, "hall": 80, "received_len": 760, "t_start": 713909}
{"delay": 3342, "tries": 0, "t_stop": 721801, "memfree": 79728, "ACK": 0.7886686, "temp": 132, "token": 0.6524248, "frag_count": 3, "hall": 84, "received_len": 760, "t_start": 718459}
{"delay": 3335, "tries": 0, "t_stop": 726312, "memfree": 79728, "ACK": 0.7886686, "temp": 133, "token": 0.1409191, "frag_count": 3, "hall": 77, "received_len": 760, "t_start": 722977}
{"delay": 3334, "tries": 0, "t_stop": 730842, "memfree": 79728, "ACK": 0.7886686, "temp": 133, "token": 0.7698926, "frag_count": 3, "hall": 81, "received_len": 760, "t_start": 727508}
{"delay": 3335, "tries": 0, "t_stop": 735372, "memfree": 79728, "ACK": 0.7886686, "temp": 133, "token": 0.2033803, "frag_count": 3, "hall": 82, "received_len": 760, "t_start": 732037}
{"delay": 3328, "tries": 0, "t_stop": 739908, "memfree": 79728, "ACK": 0.7886686, "temp": 133, "token": 0.360377, "frag_count": 3, "hall": 78, "received_len": 760, "t_start": 736580}
{"delay": 3342, "tries": 0, "t_stop": 744485, "memfree": 79728, "ACK": 0.7886686, "temp": 133, "token": 0.7259727, "frag_count": 3, "hall": 84, "received_len": 760, "t_start": 741143}
{"delay": 3333, "tries": 0, "t_stop": 749025, "memfree": 79728, "ACK": 0.7886686, "temp": 133, "token": 0.6105185, "frag_count": 3, "hall": 83, "received_len": 760, "t_start": 745692}
{"delay": 3335, "tries": 0, "t_stop": 753550, "memfree": 79728, "ACK": 0.7886686, "temp": 133, "token": 0.4201798, "frag_count": 3, "hall": 84, "received_len": 760, "t_start": 750215}
{"delay": 3342, "tries": 0, "t_stop": 758122, "memfree": 79728, "ACK": 0.7886686, "temp": 133, "token": 0.4648942, "frag_count": 3, "hall": 79, "received_len": 760, "t_start": 754780}
{"delay": 3336, "tries": 0, "t_stop": 762652, "memfree": 79728, "ACK": 0.7886686, "temp": 133, "token": 0.6788692, "frag_count": 3, "hall": 86, "received_len": 760, "t_start": 759316}
{"delay": 3338, "tries": 0, "t_stop": 767165, "memfree": 79728, "ACK": 0.7886686, "temp": 133, "token": 0.3540932, "frag_count": 3, "hall": 80, "received_len": 760, "t_start": 763827}
{"delay": 3336, "tries": 0, "t_stop": 771703, "memfree": 79728, "ACK": 0.7886686, "temp": 133, "token": 0.08201254, "frag_count": 3, "hall": 74, "received_len": 760, "t_start": 768367}
{"delay": 3348, "tries": 0, "t_stop": 776244, "memfree": 79728, "ACK": 0.7886686, "temp": 133, "token": 0.9100731, "frag_count": 3, "hall": 76, "received_len": 760, "t_start": 772896}
{"delay": 3334, "tries": 0, "t_stop": 780774, "memfree": 79728, "ACK": 0.7886686, "temp": 133, "token": 0.9370154, "frag_count": 3, "hall": 79, "received_len": 760, "t_start": 777440}
{"delay": 3337, "tries": 0, "t_stop": 785306, "memfree": 79728, "ACK": 0.7886686, "temp": 133, "token": 0.4652388, "frag_count": 3, "hall": 81, "received_len": 760, "t_start": 781969}
{"delay": 3339, "tries": 0, "t_stop": 789851, "memfree": 79728, "ACK": 0.7886686, "temp": 133, "token": 0.2879556, "frag_count": 3, "hall": 80, "received_len": 760, "t_start": 786512}
{"delay": 3337, "tries": 0, "t_stop": 794379, "memfree": 79728, "ACK": 0.7886686, "temp": 133, "token": 0.4268628, "frag_count": 3, "hall": 82, "received_len": 760, "t_start": 791042}
{"delay": 3342, "tries": 0, "t_stop": 798935, "memfree": 79728, "ACK": 0.7886686, "temp": 133, "token": 0.8530432, "frag_count": 3, "hall": 79, "received_len": 760, "t_start": 795593}
{"delay": 3342, "tries": 0, "t_stop": 803478, "memfree": 79728, "ACK": 0.7886686, "temp": 133, "token": 0.9829458, "frag_count": 2, "hall": 87, "received_len": 506, "t_start": 800137}
{"delay": 3343, "tries": 0, "t_stop": 808047, "memfree": 79728, "ACK": 0.7886686, "temp": 133, "token": 0.6678164, "frag_count": 3, "hall": 74, "received_len": 760, "t_start": 804704}
{"delay": 3339, "tries": 0, "t_stop": 812588, "memfree": 79728, "ACK": 0.7886686, "temp": 133, "token": 0.04520464, "frag_count": 3, "hall": 84, "received_len": 760, "t_start": 809249}
{"delay": 3335, "tries": 0, "t_stop": 817127, "memfree": 79728, "ACK": 0.7886686, "temp": 133, "token": 0.5652404, "frag_count": 3, "hall": 81, "received_len": 760, "t_start": 813792}
{"delay": 3343, "tries": 0, "t_stop": 821690, "memfree": 79728, "ACK": 0.7886686, "temp": 133, "token": 0.4740922, "frag_count": 3, "hall": 84, "received_len": 760, "t_start": 818347}
{"delay": 3339, "tries": 1, "t_stop": 838404, "memfree": 79728, "ACK": 0.7886686, "temp": 134, "token": 0.5687659, "frag_count": 3, "hall": 77, "received_len": 760, "t_start": 835065}
{"delay": 3336, "tries": 0, "t_stop": 842923, "memfree": 79728, "ACK": 0.7886686, "temp": 133, "token": 0.9220354, "frag_count": 3, "hall": 83, "received_len": 760, "t_start": 839587}
{"delay": 3337, "tries": 0, "t_stop": 847454, "memfree": 79728, "ACK": 0.7886686, "temp": 133, "token": 0.01553714, "frag_count": 3, "hall": 81, "received_len": 760, "t_start": 844117}
{"delay": 3337, "tries": 0, "t_stop": 851996, "memfree": 79728, "ACK": 0.7886686, "temp": 134, "token": 0.4470867, "frag_count": 3, "hall": 78, "received_len": 760, "t_start": 848659}
{"delay": 3341, "tries": 0, "t_stop": 856560, "memfree": 79728, "ACK": 0.7886686, "temp": 134, "token": 0.5137106, "frag_count": 3, "hall": 78, "received_len": 760, "t_start": 853219}
{"delay": 3335, "tries": 0, "t_stop": 861082, "memfree": 79728, "ACK": 0.7886686, "temp": 134, "token": 0.1793882, "frag_count": 3, "hall": 77, "received_len": 760, "t_start": 857747}
{"delay": 3338, "tries": 0, "t_stop": 865605, "memfree": 79728, "ACK": 0.7886686, "temp": 134, "token": 0.05061102, "frag_count": 3, "hall": 79, "received_len": 760, "t_start": 862267}
