{"delay": 1388, "tries": 0, "t_stop": 369629, "memfree": 82816, "ACK": 0.3493484, "temp": 131, "token": 0.905792, "frag_count": 1, "hall": 81, "received_len": 244, "t_start": 368241}
{"delay": 1389, "tries": 0, "t_stop": 371133, "memfree": 82816, "ACK": 0.3493484, "temp": 131, "token": 0.3631082, "frag_count": 1, "hall": 94, "received_len": 244, "t_start": 369744}
{"delay": 1388, "tries": 0, "t_stop": 372653, "memfree": 82816, "ACK": 0.3493484, "temp": 131, "token": 0.3318869, "frag_count": 1, "hall": 80, "received_len": 244, "t_start": 371265}
{"delay": 1389, "tries": 0, "t_stop": 374176, "memfree": 82816, "ACK": 0.3493484, "temp": 131, "token": 0.8312243, "frag_count": 1, "hall": 83, "received_len": 244, "t_start": 372787}
{"delay": 1390, "tries": 0, "t_stop": 375688, "memfree": 82816, "ACK": 0.3493484, "temp": 131, "token": 0.7164505, "frag_count": 1, "hall": 79, "received_len": 244, "t_start": 374298}
{"delay": 1380, "tries": 0, "t_stop": 377185, "memfree": 82816, "ACK": 0.3493484, "temp": 131, "token": 0.178861, "frag_count": 1, "hall": 80, "received_len": 244, "t_start": 375805}
{"delay": 1388, "tries": 0, "t_stop": 378710, "memfree": 82816, "ACK": 0.3493484, "temp": 131, "token": 0.0297246, "frag_count": 1, "hall": 72, "received_len": 244, "t_start": 377322}
{"delay": 1386, "tries": 0, "t_stop": 380232, "memfree": 82816, "ACK": 0.3493484, "temp": 131, "token": 0.1216184, "frag_count": 1, "hall": 82, "received_len": 244, "t_start": 378846}
{"delay": 1388, "tries": 0, "t_stop": 381766, "memfree": 82816, "ACK": 0.3493484, "temp": 131, "token": 0.1666657, "frag_count": 1, "hall": 80, "received_len": 244, "t_start": 380378}
{"delay": 1389, "tries": 0, "t_stop": 383273, "memfree": 82816, "ACK": 0.3493484, "temp": 131, "token": 0.8326851, "frag_count": 1, "hall": 77, "received_len": 244, "t_start": 381884}
{"delay": 1387, "tries": 0, "t_stop": 384795, "memfree": 82816, "ACK": 0.3493484, "temp": 131, "token": 0.1871005, "frag_count": 1, "hall": 86, "received_len": 244, "t_start": 383408}
{"delay": 1386, "tries": 0, "t_stop": 386303, "memfree": 82816, "ACK": 0.3493484, "temp": 131, "token": 0.2983732, "frag_count": 1, "hall": 77, "received_len": 244, "t_start": 384917}
{"delay": 1385, "tries": 0, "t_stop": 387814, "memfree": 82816, "ACK": 0.3493484, "temp": 131, "token": 0.2859317, "frag_count": 1, "hall": 82, "received_len": 244, "t_start": 386429}
{"delay": 1388, "tries": 0, "t_stop": 389335, "memfree": 82816, "ACK": 0.3493484, "temp": 131, "token": 0.7017393, "frag_count": 1, "hall": 78, "received_len": 244, "t_start": 387947}
{"delay": 1389, "tries": 0, "t_stop": 390856, "memfree": 82816, "ACK": 0.3493484, "temp": 131, "token": 0.4422579, "frag_count": 1, "hall": 77, "received_len": 244, "t_start": 389467}
{"delay": 1387, "tries": 0, "t_stop": 392386, "memfree": 82816, "ACK": 0.3493484, "temp": 131, "token": 0.4715939, "frag_count": 1, "hall": 89, "received_len": 244, "t_start": 390999}
{"delay": 1390, "tries": 0, "t_stop": 393912, "memfree": 82816, "ACK": 0.3493484, "temp": 131, "token": 0.5182253, "frag_count": 1, "hall": 82, "received_len": 244, "t_start": 392522}
{"delay": 1389, "tries": 0, "t_stop": 395433, "memfree": 82816, "ACK": 0.3493484, "temp": 131, "token": 0.6576586, "frag_count": 1, "hall": 82, "received_len": 244, "t_start": 394044}
{"delay": 1396, "tries": 0, "t_stop": 398474, "memfree": 82816, "ACK": 0.3493484, "temp": 131, "token": 0.3981252, "frag_count": 1, "hall": 84, "received_len": 244, "t_start": 397078}
{"delay": 1387, "tries": 0, "t_stop": 399994, "memfree": 82816, "ACK": 0.3493484, "temp": 131, "token": 0.9753308, "frag_count": 1, "hall": 79, "received_len": 244, "t_start": 398607}
{"delay": 1387, "tries": 0, "t_stop": 401526, "memfree": 82816, "ACK": 0.3493484, "temp": 131, "token": 0.1129987, "frag_count": 1, "hall": 88, "received_len": 244, "t_start": 400139}
{"delay": 1388, "tries": 0, "t_stop": 403055, "memfree": 82816, "ACK": 0.3493484, "temp": 131, "token": 0.6871005, "frag_count": 1, "hall": 86, "received_len": 244, "t_start": 401667}
{"delay": 1390, "tries": 0, "t_stop": 404638, "memfree": 82816, "ACK": 0.3493484, "temp": 131, "token": 0.4141209, "frag_count": 1, "hall": 86, "received_len": 244, "t_start": 403248}
{"delay": 1381, "tries": 0, "t_stop": 406136, "memfree": 82816, "ACK": 0.3493484, "temp": 131, "token": 0.332341, "frag_count": 1, "hall": 84, "received_len": 244, "t_start": 404755}
{"delay": 1390, "tries": 0, "t_stop": 407669, "memfree": 82816, "ACK": 0.3493484, "temp": 131, "token": 0.02613306, "frag_count": 1, "hall": 81, "received_len": 244, "t_start": 406279}
{"delay": 1387, "tries": 0, "t_stop": 409181, "memfree": 82816, "ACK": 0.3493484, "temp": 131, "token": 0.7653547, "frag_count": 1, "hall": 83, "received_len": 244, "t_start": 407794}
{"delay": 1383, "tries": 0, "t_stop": 410699, "memfree": 82816, "ACK": 0.3493484, "temp": 131, "token": 0.988484, "frag_count": 1, "hall": 79, "received_len": 244, "t_start": 409316}
{"delay": 1393, "tries": 0, "t_stop": 412231, "memfree": 82816, "ACK": 0.3493484, "temp": 131, "token": 0.2945691, "frag_count": 1, "hall": 69, "received_len": 244, "t_start": 410838}
{"delay": 1387, "tries": 0, "t_stop": 413746, "memfree": 82816, "ACK": 0.3493484, "temp": 131, "token": 0.6082936, "frag_count": 1, "hall": 77, "received_len": 244, "t_start": 412359}
{"delay": 1389, "tries": 0, "t_stop": 415267, "memfree": 82816, "ACK": 0.3493484, "temp": 131, "token": 0.7971938, "frag_count": 1, "hall": 78, "received_len": 244, "t_start": 413878}
{"delay": 1387, "tries": 0, "t_stop": 416770, "memfree": 82816, "ACK": 0.3493484, "temp": 131, "token": 0.7130838, "frag_count": 1, "hall": 81, "received_len": 244, "t_start": 415384}
{"delay": 1393, "tries": 0, "t_stop": 418302, "memfree": 82816, "ACK": 0.3493484, "temp": 131, "token": 0.9665028, "frag_count": 1, "hall": 72, "received_len": 244, "t_start": 416909}
{"delay": 1389, "tries": 0, "t_stop": 419803, "memfree": 82816, "ACK": 0.3493484, "temp": 131, "token": 0.8634552, "frag_count": 1, "hall": 83, "received_len": 244, "t_start": 418414}
{"delay": 1388, "tries": 0, "t_stop": 421304, "memfree": 82816, "ACK": 0.3493484, "temp": 131, "token": 0.3306255, "frag_count": 1, "hall": 80, "received_len": 244, "t_start": 419916}
{"delay": 1388, "tries": 0, "t_stop": 422824, "memfree": 82816, "ACK": 0.3493484, "temp": 131, "token": 0.3526292, "frag_count": 1, "hall": 77, "received_len": 244, "t_start": 421436}
{"delay": 1387, "tries": 0, "t_stop": 424345, "memfree": 82816, "ACK": 0.3493484, "temp": 131, "token": 0.3444731, "frag_count": 1, "hall": 74, "received_len": 244, "t_start": 422958}
{"delay": 1389, "tries": 0, "t_stop": 425855, "memfree": 82816, "ACK": 0.3493484, "temp": 131, "token": 0.2469798, "frag_count": 1, "hall": 84, "received_len": 244, "t_start": 424466}
{"delay": 1388, "tries": 0, "t_stop": 427371, "memfree": 82816, "ACK": 0.3493484, "temp": 131, "token": 0.07320189, "frag_count": 1, "hall": 84, "received_len": 244, "t_start": 425983}
{"delay": 1389, "tries": 0, "t_stop": 428895, "memfree": 82816, "ACK": 0.3493484, "temp": 131, "token": 0.2759708, "frag_count": 1, "hall": 81, "received_len": 244, "t_start": 427506}
