{"delay": 1386, "tries": 0, "t_stop": 871193, "memfree": 79920, "ACK": 0.5774225, "temp": 134, "token": 0.4073134, "frag_count": 1, "hall": 81, "received_len": 240, "t_start": 869807}
{"delay": 1386, "tries": 0, "t_stop": 873701, "memfree": 79920, "ACK": 0.5774225, "temp": 134, "token": 0.8252164, "frag_count": 1, "hall": 75, "received_len": 240, "t_start": 872315}
{"delay": 1381, "tries": 0, "t_stop": 876223, "memfree": 79920, "ACK": 0.5774225, "temp": 134, "token": 0.2349652, "frag_count": 1, "hall": 81, "received_len": 240, "t_start": 874842}
{"delay": 1380, "tries": 0, "t_stop": 878755, "memfree": 79920, "ACK": 0.5774225, "temp": 134, "token": 0.8717613, "frag_count": 1, "hall": 78, "received_len": 240, "t_start": 877375}
{"delay": 1382, "tries": 0, "t_stop": 881271, "memfree": 79920, "ACK": 0.5774225, "temp": 134, "token": 0.5238168, "frag_count": 1, "hall": 77, "received_len": 240, "t_start": 879889}
{"delay": 1382, "tries": 0, "t_stop": 883799, "memfree": 79920, "ACK": 0.5774225, "temp": 134, "token": 0.4519742, "frag_count": 1, "hall": 78, "received_len": 240, "t_start": 882417}
{"delay": 1380, "tries": 0, "t_stop": 886311, "memfree": 79920, "ACK": 0.5774225, "temp": 134, "token": 0.07656682, "frag_count": 1, "hall": 82, "received_len": 240, "t_start": 884931}
{"delay": 1382, "tries": 0, "t_stop": 888835, "memfree": 79920, "ACK": 0.5774225, "temp": 134, "token": 0.07777822, "frag_count": 1, "hall": 82, "received_len": 240, "t_start": 887453}
{"delay": 1382, "tries": 1, "t_stop": 903541, "memfree": 79920, "ACK": 0.5774225, "temp": 134, "token": 0.5531913, "frag_count": 1, "hall": 75, "received_len": 240, "t_start": 902159}
{"delay": 1381, "tries": 1, "t_stop": 918198, "memfree": 79920, "ACK": 0.5774225, "temp": 134, "token": 0.5678422, "frag_count": 1, "hall": 77, "received_len": 240, "t_start": 916817}
{"delay": 1387, "tries": 0, "t_stop": 920713, "memfree": 79920, "ACK": 0.5774225, "temp": 134, "token": 0.3891312, "frag_count": 1, "hall": 77, "received_len": 240, "t_start": 919326}
{"delay": 1377, "tries": 1, "t_stop": 935313, "memfree": 79920, "ACK": 0.5774225, "temp": 133, "token": 0.4052825, "frag_count": 1, "hall": 80, "received_len": 240, "t_start": 933936}
{"delay": 1368, "tries": 0, "t_stop": 937828, "memfree": 79920, "ACK": 0.5774225, "temp": 133, "token": 0.21314, "frag_count": 1, "hall": 79, "received_len": 240, "t_start": 936460}
{"delay": 1381, "tries": 0, "t_stop": 940373, "memfree": 79920, "ACK": 0.5774225, "temp": 133, "token": 0.3005887, "frag_count": 1, "hall": 76, "received_len": 240, "t_start": 938992}
{"delay": 1388, "tries": 0, "t_stop": 942901, "memfree": 79920, "ACK": 0.5774225, "temp": 133, "token": 0.8158418, "frag_count": 1, "hall": 78, "received_len": 240, "t_start": 941513}
{"delay": 1380, "tries": 0, "t_stop": 945436, "memfree": 79920, "ACK": 0.5774225, "temp": 133, "token": 0.4165864, "frag_count": 1, "hall": 80, "received_len": 240, "t_start": 944057}
{"delay": 1380, "tries": 0, "t_stop": 947955, "memfree": 79920, "ACK": 0.5774225, "temp": 133, "token": 0.932258, "frag_count": 1, "hall": 85, "received_len": 240, "t_start": 946575}
{"delay": 1381, "tries": 0, "t_stop": 950494, "memfree": 79920, "ACK": 0.5774225, "temp": 133, "token": 0.3188742, "frag_count": 1, "hall": 76, "received_len": 240, "t_start": 949113}
{"delay": 1387, "tries": 0, "t_stop": 953027, "memfree": 79904, "ACK": 0.5774225, "temp": 133, "token": 0.7419922, "frag_count": 1, "hall": 81, "received_len": 240, "t_start": 951640}
{"delay": 1388, "tries": 0, "t_stop": 955555, "memfree": 79792, "ACK": 0.5774225, "temp": 133, "token": 0.08859348, "frag_count": 1, "hall": 84, "received_len": 240, "t_start": 954167}
{"delay": 1385, "tries": 0, "t_stop": 958085, "memfree": 79792, "ACK": 0.5774225, "temp": 133, "token": 0.3413527, "frag_count": 1, "hall": 75, "received_len": 240, "t_start": 956700}
{"delay": 1386, "tries": 0, "t_stop": 960599, "memfree": 79792, "ACK": 0.5774225, "temp": 133, "token": 0.5314343, "frag_count": 1, "hall": 81, "received_len": 240, "t_start": 959213}
{"delay": 1386, "tries": 0, "t_stop": 963165, "memfree": 79792, "ACK": 0.5774225, "temp": 133, "token": 0.4717912, "frag_count": 1, "hall": 80, "received_len": 240, "t_start": 961779}
{"delay": 1370, "tries": 1, "t_stop": 977824, "memfree": 79792, "ACK": 0.5774225, "temp": 133, "token": 0.375664, "frag_count": 1, "hall": 82, "received_len": 240, "t_start": 976454}
{"delay": 1383, "tries": 0, "t_stop": 980376, "memfree": 79792, "ACK": 0.5774225, "temp": 133, "token": 0.07362282, "frag_count": 1, "hall": 84, "received_len": 240, "t_start": 978993}
{"delay": 1382, "tries": 0, "t_stop": 982892, "memfree": 79792, "ACK": 0.5774225, "temp": 133, "token": 0.9825906, "frag_count": 1, "hall": 79, "received_len": 240, "t_start": 981510}
{"delay": 1381, "tries": 0, "t_stop": 985423, "memfree": 79792, "ACK": 0.5774225, "temp": 133, "token": 0.6718122, "frag_count": 1, "hall": 81, "received_len": 240, "t_start": 984042}
{"delay": 1379, "tries": 0, "t_stop": 987957, "memfree": 79792, "ACK": 0.5774225, "temp": 133, "token": 0.2655222, "frag_count": 1, "hall": 77, "received_len": 240, "t_start": 986578}
{"delay": 1381, "tries": 0, "t_stop": 990489, "memfree": 79792, "ACK": 0.5774225, "temp": 133, "token": 0.7782633, "frag_count": 1, "hall": 76, "received_len": 240, "t_start": 989108}
{"delay": 1382, "tries": 0, "t_stop": 993020, "memfree": 79792, "ACK": 0.5774225, "temp": 133, "token": 0.2561008, "frag_count": 1, "hall": 82, "received_len": 240, "t_start": 991638}
{"delay": 1382, "tries": 0, "t_stop": 995548, "memfree": 79792, "ACK": 0.5774225, "temp": 133, "token": 0.8295554, "frag_count": 1, "hall": 79, "received_len": 240, "t_start": 994166}
{"delay": 1380, "tries": 0, "t_stop": 998075, "memfree": 79792, "ACK": 0.5774225, "temp": 134, "token": 0.5665176, "frag_count": 1, "hall": 76, "received_len": 240, "t_start": 996695}
{"delay": 1380, "tries": 0, "t_stop": 1000607, "memfree": 79792, "ACK": 0.5774225, "temp": 133, "token": 0.1448202, "frag_count": 1, "hall": 74, "received_len": 240, "t_start": 999227}
{"delay": 1379, "tries": 0, "t_stop": 1003122, "memfree": 79792, "ACK": 0.5774225, "temp": 134, "token": 0.8767076, "frag_count": 1, "hall": 72, "received_len": 240, "t_start": 1001743}
{"delay": 1381, "tries": 0, "t_stop": 1005660, "memfree": 79792, "ACK": 0.5774225, "temp": 134, "token": 0.9168736, "frag_count": 1, "hall": 74, "received_len": 240, "t_start": 1004279}
{"delay": 1381, "tries": 0, "t_stop": 1008193, "memfree": 79792, "ACK": 0.5774225, "temp": 133, "token": 0.8813573, "frag_count": 1, "hall": 77, "received_len": 240, "t_start": 1006812}
{"delay": 1376, "tries": 0, "t_stop": 1010733, "memfree": 79792, "ACK": 0.5774225, "temp": 134, "token": 0.333253, "frag_count": 1, "hall": 80, "received_len": 240, "t_start": 1009357}
{"delay": 1376, "tries": 1, "t_stop": 1025400, "memfree": 79792, "ACK": 0.5774225, "temp": 134, "token": 0.01013851, "frag_count": 1, "hall": 80, "received_len": 240, "t_start": 1024024}
{"delay": 1381, "tries": 0, "t_stop": 1027944, "memfree": 79792, "ACK": 0.5774225, "temp": 134, "token": 0.1853987, "frag_count": 1, "hall": 77, "received_len": 240, "t_start": 1026563}
{"delay": 1383, "tries": 0, "t_stop": 1030471, "memfree": 79792, "ACK": 0.5774225, "temp": 133, "token": 0.7602745, "frag_count": 1, "hall": 81, "received_len": 240, "t_start": 1029088}
