{"nonce": 0.7643165, "memfree": 82848, "token": "0.6858959", "t_stop": 28006, "tries": 0, "delay": 758, "gw": "c44f336ab5c1", "status": 1, "t_start": 27244}
{"nonce": 0.7643165, "memfree": 82848, "token": "0.7161755", "t_stop": 31031, "tries": 0, "delay": 760, "gw": "c44f336ab5c1", "status": 1, "t_start": 30267}
{"nonce": 0.7643165, "memfree": 82848, "token": "0.8634298", "t_stop": 34049, "tries": 0, "delay": 759, "gw": "c44f336ab5c1", "status": 1, "t_start": 33287}
{"nonce": 0.7643165, "memfree": 82848, "token": "0.5822966", "t_stop": 37071, "tries": 0, "delay": 760, "gw": "c44f336ab5c1", "status": 1, "t_start": 36308}
{"nonce": 0.7643165, "memfree": 82848, "token": "0.8999126", "t_stop": 40086, "tries": 0, "delay": 758, "gw": "c44f336ab5c1", "status": 1, "t_start": 39324}
{"nonce": 0.7643165, "memfree": 82848, "token": "0.8242551", "t_stop": 43099, "tries": 0, "delay": 760, "gw": "c44f336ab5c1", "status": 1, "t_start": 42336}
{"nonce": 0.7643165, "memfree": 82848, "token": "0.4820206", "t_stop": 46129, "tries": 0, "delay": 759, "gw": "c44f336ab5c1", "status": 1, "t_start": 45366}
{"nonce": 0.7643165, "memfree": 82880, "token": "0.896001", "t_stop": 49141, "tries": 0, "delay": 751, "gw": "c44f336ab5c1", "status": 1, "t_start": 48387}
{"nonce": 0.7643165, "memfree": 82848, "token": "0.7041269", "t_stop": 53099, "tries": 0, "delay": 759, "gw": "c44f336ab5c1", "status": 1, "t_start": 52336}
{"nonce": 0.7643165, "memfree": 82848, "token": "0.4854485", "t_stop": 56114, "tries": 0, "delay": 757, "gw": "c44f336ab5c1", "status": 1, "t_start": 55353}
{"nonce": 0.7643165, "memfree": 82848, "token": "0.7845096", "t_stop": 59128, "tries": 0, "delay": 759, "gw": "c44f336ab5c1", "status": 1, "t_start": 58365}
{"nonce": 0.7643165, "memfree": 82848, "token": "0.4100567", "t_stop": 62149, "tries": 0, "delay": 757, "gw": "c44f336ab5c1", "status": 1, "t_start": 61389}
{"nonce": 0.7643165, "memfree": 82848, "token": "0.6749568", "t_stop": 65180, "tries": 0, "delay": 761, "gw": "c44f336ab5c1", "status": 1, "t_start": 64416}
{"nonce": 0.7643165, "memfree": 82848, "token": "0.7448858", "t_stop": 68202, "tries": 0, "delay": 765, "gw": "c44f336ab5c1", "status": 1, "t_start": 67434}
{"nonce": 0.7643165, "memfree": 82848, "token": "0.7075185", "t_stop": 71218, "tries": 0, "delay": 758, "gw": "c44f336ab5c1", "status": 1, "t_start": 70456}
{"nonce": 0.7643165, "memfree": 82848, "token": "0.7981194", "t_stop": 74238, "tries": 0, "delay": 760, "gw": "c44f336ab5c1", "status": 1, "t_start": 73475}
{"nonce": 0.7643165, "memfree": 82848, "token": "0.6810403", "t_stop": 77268, "tries": 0, "delay": 758, "gw": "c44f336ab5c1", "status": 1, "t_start": 76506}
{"nonce": 0.7643165, "memfree": 82848, "token": "0.1947243", "t_stop": 80283, "tries": 0, "delay": 757, "gw": "c44f336ab5c1", "status": 1, "t_start": 79523}
{"nonce": 0.7643165, "memfree": 82848, "token": "0.6838912", "t_stop": 83311, "tries": 0, "delay": 759, "gw": "c44f336ab5c1", "status": 1, "t_start": 82549}
{"nonce": 0.7643165, "memfree": 82848, "token": "0.7625251", "t_stop": 86331, "tries": 0, "delay": 766, "gw": "c44f336ab5c1", "status": 1, "t_start": 85562}
{"nonce": 0.7643165, "memfree": 82848, "token": "0.7638152", "t_stop": 89350, "tries": 0, "delay": 759, "gw": "c44f336ab5c1", "status": 1, "t_start": 88588}
{"nonce": 0.7643165, "memfree": 82848, "token": "0.2750231", "t_stop": 92374, "tries": 0, "delay": 758, "gw": "c44f336ab5c1", "status": 1, "t_start": 91612}
{"nonce": 0.7643165, "memfree": 82848, "token": "0.9416187", "t_stop": 95407, "tries": 0, "delay": 758, "gw": "c44f336ab5c1", "status": 1, "t_start": 94646}
{"nonce": 0.7643165, "memfree": 82848, "token": "0.2374898", "t_stop": 98436, "tries": 0, "delay": 759, "gw": "c44f336ab5c1", "status": 1, "t_start": 97674}
{"nonce": 0.7643165, "memfree": 82848, "token": "0.2622377", "t_stop": 101469, "tries": 0, "delay": 758, "gw": "c44f336ab5c1", "status": 1, "t_start": 100707}
{"nonce": 0.7643165, "memfree": 82848, "token": "0.5615759", "t_stop": 104512, "tries": 0, "delay": 761, "gw": "c44f336ab5c1", "status": 1, "t_start": 103748}
{"nonce": 0.7643165, "memfree": 82848, "token": "0.06167793", "t_stop": 107535, "tries": 0, "delay": 764, "gw": "c44f336ab5c1", "status": 1, "t_start": 106767}
{"nonce": 0.7643165, "memfree": 82880, "token": "0.817725", "t_stop": 110550, "tries": 0, "delay": 753, "gw": "c44f336ab5c1", "status": 1, "t_start": 109793}
{"nonce": 0.7643165, "memfree": 82848, "token": "0.1990906", "t_stop": 113586, "tries": 0, "delay": 759, "gw": "c44f336ab5c1", "status": 1, "t_start": 112823}
{"nonce": 0.7643165, "memfree": 82848, "token": "0.2416085", "t_stop": 116596, "tries": 0, "delay": 758, "gw": "c44f336ab5c1", "status": 1, "t_start": 115835}
{"nonce": 0.7643165, "memfree": 82848, "token": "0.9733361", "t_stop": 119610, "tries": 0, "delay": 760, "gw": "c44f336ab5c1", "status": 1, "t_start": 118847}
{"nonce": 0.7643165, "memfree": 82848, "token": "0.7494884", "t_stop": 122629, "tries": 0, "delay": 758, "gw": "c44f336ab5c1", "status": 1, "t_start": 121868}
{"nonce": 0.7643165, "memfree": 82848, "token": "0.7659111", "t_stop": 125648, "tries": 0, "delay": 758, "gw": "c44f336ab5c1", "status": 1, "t_start": 124886}
{"nonce": 0.7643165, "memfree": 82848, "token": "0.7698132", "t_stop": 128680, "tries": 0, "delay": 760, "gw": "c44f336ab5c1", "status": 1, "t_start": 127917}
{"nonce": 0.7643165, "memfree": 82880, "token": "0.3906039", "t_stop": 131703, "tries": 0, "delay": 759, "gw": "c44f336ab5c1", "status": 1, "t_start": 130940}
{"nonce": 0.7643165, "memfree": 82912, "token": "0.417222", "t_stop": 134721, "tries": 0, "delay": 753, "gw": "c44f336ab5c1", "status": 1, "t_start": 133964}
{"nonce": 0.7643165, "memfree": 82880, "token": "0.6954837", "t_stop": 137757, "tries": 0, "delay": 757, "gw": "c44f336ab5c1", "status": 1, "t_start": 136997}
{"nonce": 0.7643165, "memfree": 82880, "token": "0.3916539", "t_stop": 140778, "tries": 0, "delay": 760, "gw": "c44f336ab5c1", "status": 1, "t_start": 140014}
{"nonce": 0.7643165, "memfree": 82880, "token": "0.1567969", "t_stop": 143794, "tries": 0, "delay": 757, "gw": "c44f336ab5c1", "status": 1, "t_start": 143033}
