{"delay": 1393, "tries": 0, "t_stop": 148473, "memfree": 82784, "ACK": 0.3099076, "temp": 128, "token": 0.3385297, "frag_count": 1, "hall": 86, "received_len": 242, "t_start": 147080}
{"delay": 1386, "tries": 0, "t_stop": 149984, "memfree": 82784, "ACK": 0.3099076, "temp": 128, "token": 0.1025991, "frag_count": 1, "hall": 80, "received_len": 242, "t_start": 148598}
{"delay": 1381, "tries": 0, "t_stop": 151490, "memfree": 82784, "ACK": 0.3099076, "temp": 128, "token": 0.560252, "frag_count": 1, "hall": 83, "received_len": 242, "t_start": 150109}
{"delay": 1385, "tries": 0, "t_stop": 153012, "memfree": 82784, "ACK": 0.3099076, "temp": 128, "token": 0.4149722, "frag_count": 1, "hall": 82, "received_len": 242, "t_start": 151627}
{"delay": 1387, "tries": 0, "t_stop": 154520, "memfree": 82784, "ACK": 0.3099076, "temp": 128, "token": 0.3901266, "frag_count": 1, "hall": 86, "received_len": 242, "t_start": 153133}
{"delay": 1381, "tries": 0, "t_stop": 156037, "memfree": 82784, "ACK": 0.3099076, "temp": 128, "token": 0.481971, "frag_count": 1, "hall": 79, "received_len": 242, "t_start": 154656}
{"delay": 1388, "tries": 0, "t_stop": 157563, "memfree": 82784, "ACK": 0.3099076, "temp": 128, "token": 0.6717646, "frag_count": 1, "hall": 78, "received_len": 242, "t_start": 156175}
{"delay": 1388, "tries": 0, "t_stop": 159085, "memfree": 82784, "ACK": 0.3099076, "temp": 128, "token": 0.7900522, "frag_count": 1, "hall": 81, "received_len": 242, "t_start": 157697}
{"delay": 1387, "tries": 0, "t_stop": 160597, "memfree": 82784, "ACK": 0.3099076, "temp": 128, "token": 0.7356141, "frag_count": 1, "hall": 78, "received_len": 242, "t_start": 159210}
{"delay": 1388, "tries": 0, "t_stop": 162107, "memfree": 82784, "ACK": 0.3099076, "temp": 128, "token": 0.7498321, "frag_count": 1, "hall": 85, "received_len": 242, "t_start": 160719}
{"delay": 1387, "tries": 0, "t_stop": 163613, "memfree": 82784, "ACK": 0.3099076, "temp": 128, "token": 0.5371136, "frag_count": 1, "hall": 85, "received_len": 242, "t_start": 162226}
{"delay": 1385, "tries": 0, "t_stop": 165129, "memfree": 82784, "ACK": 0.3099076, "temp": 128, "token": 0.4109697, "frag_count": 1, "hall": 73, "received_len": 242, "t_start": 163744}
{"delay": 1386, "tries": 0, "t_stop": 166645, "memfree": 82784, "ACK": 0.3099076, "temp": 128, "token": 0.1981537, "frag_count": 1, "hall": 81, "received_len": 242, "t_start": 165259}
{"delay": 1387, "tries": 0, "t_stop": 168154, "memfree": 82784, "ACK": 0.3099076, "temp": 128, "token": 0.3688197, "frag_count": 1, "hall": 78, "received_len": 242, "t_start": 166767}
{"delay": 1388, "tries": 0, "t_stop": 169667, "memfree": 82784, "ACK": 0.3099076, "temp": 128, "token": 0.1010958, "frag_count": 1, "hall": 82, "received_len": 242, "t_start": 168279}
{"delay": 1386, "tries": 0, "t_stop": 171193, "memfree": 82784, "ACK": 0.3099076, "temp": 128, "token": 0.1161637, "frag_count": 1, "hall": 83, "received_len": 242, "t_start": 169808}
{"delay": 1387, "tries": 0, "t_stop": 172701, "memfree": 82784, "ACK": 0.3099076, "temp": 129, "token": 0.4380766, "frag_count": 1, "hall": 81, "received_len": 242, "t_start": 171314}
{"delay": 1380, "tries": 0, "t_stop": 174208, "memfree": 82784, "ACK": 0.3099076, "temp": 128, "token": 0.762844, "frag_count": 1, "hall": 82, "received_len": 242, "t_start": 172828}
{"delay": 1387, "tries": 0, "t_stop": 175735, "memfree": 82784, "ACK": 0.3099076, "temp": 128, "token": 0.02617741, "frag_count": 1, "hall": 82, "received_len": 242, "t_start": 174348}
{"delay": 1388, "tries": 0, "t_stop": 177255, "memfree": 82784, "ACK": 0.3099076, "temp": 128, "token": 0.6998621, "frag_count": 1, "hall": 81, "received_len": 242, "t_start": 175867}
{"delay": 1386, "tries": 0, "t_stop": 178785, "memfree": 82784, "ACK": 0.3099076, "temp": 128, "token": 0.5719721, "frag_count": 1, "hall": 90, "received_len": 242, "t_start": 177399}
{"delay": 1380, "tries": 0, "t_stop": 180307, "memfree": 82784, "ACK": 0.3099076, "temp": 128, "token": 0.509511, "frag_count": 1, "hall": 80, "received_len": 242, "t_start": 178927}
{"delay": 1390, "tries": 0, "t_stop": 181879, "memfree": 82784, "ACK": 0.3099076, "temp": 128, "token": 0.4059868, "frag_count": 1, "hall": 85, "received_len": 242, "t_start": 180489}
{"delay": 1386, "tries": 0, "t_stop": 183391, "memfree": 82784, "ACK": 0.3099076, "temp": 128, "token": 0.7201445, "frag_count": 1, "hall": 90, "received_len": 242, "t_start": 182005}
{"delay": 1389, "tries": 0, "t_stop": 184916, "memfree": 82784, "ACK": 0.3099076, "temp": 128, "token": 0.02518785, "frag_count": 1, "hall": 83, "received_len": 242, "t_start": 183527}
{"delay": 1387, "tries": 0, "t_stop": 186432, "memfree": 82784, "ACK": 0.3099076, "temp": 128, "token": 0.03813815, "frag_count": 1, "hall": 81, "received_len": 242, "t_start": 185045}
{"delay": 1388, "tries": 0, "t_stop": 187955, "memfree": 82784, "ACK": 0.3099076, "temp": 128, "token": 0.9273674, "frag_count": 1, "hall": 86, "received_len": 242, "t_start": 186568}
{"delay": 1388, "tries": 0, "t_stop": 189464, "memfree": 82784, "ACK": 0.3099076, "temp": 128, "token": 0.4602274, "frag_count": 1, "hall": 79, "received_len": 242, "t_start": 188076}
{"delay": 1388, "tries": 0, "t_stop": 190982, "memfree": 82784, "ACK": 0.3099076, "temp": 128, "token": 0.1954927, "frag_count": 1, "hall": 78, "received_len": 242, "t_start": 189594}
{"delay": 1387, "tries": 0, "t_stop": 192504, "memfree": 82784, "ACK": 0.3099076, "temp": 128, "token": 0.828266, "frag_count": 1, "hall": 81, "received_len": 242, "t_start": 191117}
{"delay": 1386, "tries": 0, "t_stop": 194019, "memfree": 82784, "ACK": 0.3099076, "temp": 128, "token": 0.5328526, "frag_count": 1, "hall": 79, "received_len": 242, "t_start": 192633}
{"delay": 1387, "tries": 0, "t_stop": 195533, "memfree": 82784, "ACK": 0.3099076, "temp": 128, "token": 0.6579589, "frag_count": 1, "hall": 79, "received_len": 242, "t_start": 194146}
{"delay": 1384, "tries": 0, "t_stop": 197047, "memfree": 82784, "ACK": 0.3099076, "temp": 128, "token": 0.1086208, "frag_count": 1, "hall": 82, "received_len": 242, "t_start": 195663}
{"delay": 1376, "tries": 0, "t_stop": 198544, "memfree": 82784, "ACK": 0.3099076, "temp": 128, "token": 0.82438, "frag_count": 1, "hall": 79, "received_len": 242, "t_start": 197168}
{"delay": 1387, "tries": 0, "t_stop": 200071, "memfree": 82784, "ACK": 0.3099076, "temp": 128, "token": 0.03649223, "frag_count": 1, "hall": 77, "received_len": 242, "t_start": 198684}
{"delay": 1388, "tries": 0, "t_stop": 201586, "memfree": 82784, "ACK": 0.3099076, "temp": 128, "token": 0.2014278, "frag_count": 1, "hall": 89, "received_len": 242, "t_start": 200198}
{"delay": 1388, "tries": 0, "t_stop": 203105, "memfree": 82784, "ACK": 0.3099076, "temp": 128, "token": 0.9307131, "frag_count": 1, "hall": 80, "received_len": 242, "t_start": 201717}
{"delay": 1385, "tries": 0, "t_stop": 204613, "memfree": 82784, "ACK": 0.3099076, "temp": 128, "token": 0.1127626, "frag_count": 1, "hall": 77, "received_len": 242, "t_start": 203228}
{"delay": 1387, "tries": 0, "t_stop": 206141, "memfree": 82784, "ACK": 0.3099076, "temp": 128, "token": 0.07422233, "frag_count": 1, "hall": 82, "received_len": 242, "t_start": 204754}
{"delay": 1387, "tries": 0, "t_stop": 207663, "memfree": 82784, "ACK": 0.3099076, "temp": 128, "token": 0.5624422, "frag_count": 1, "hall": 82, "received_len": 242, "t_start": 206276}
