{"delay": 2968, "tries": 0, "t_stop": 213805, "memfree": 79920, "ACK": 0.288481, "temp": 128, "token": 0.6122795, "frag_count": 3, "hall": 79, "received_len": 550, "t_start": 210837}
{"delay": 2972, "tries": 0, "t_stop": 217891, "memfree": 79920, "ACK": 0.288481, "temp": 128, "token": 0.5704318, "frag_count": 3, "hall": 82, "received_len": 550, "t_start": 214919}
{"delay": 2968, "tries": 0, "t_stop": 221965, "memfree": 79920, "ACK": 0.288481, "temp": 128, "token": 0.4843188, "frag_count": 3, "hall": 86, "received_len": 550, "t_start": 218997}
{"delay": 2973, "tries": 0, "t_stop": 226062, "memfree": 79920, "ACK": 0.288481, "temp": 128, "token": 0.8752069, "frag_count": 3, "hall": 75, "received_len": 550, "t_start": 223089}
{"delay": 2968, "tries": 0, "t_stop": 230136, "memfree": 79920, "ACK": 0.288481, "temp": 128, "token": 0.7339211, "frag_count": 3, "hall": 85, "received_len": 550, "t_start": 227168}
{"delay": 2962, "tries": 1, "t_stop": 246356, "memfree": 79920, "ACK": 0.288481, "temp": 128, "token": 0.6331206, "frag_count": 3, "hall": 88, "received_len": 550, "t_start": 243394}
{"delay": 2962, "tries": 0, "t_stop": 250436, "memfree": 79920, "ACK": 0.288481, "temp": 128, "token": 0.158895, "frag_count": 3, "hall": 82, "received_len": 550, "t_start": 247474}
{"delay": 2974, "tries": 0, "t_stop": 254532, "memfree": 79920, "ACK": 0.288481, "temp": 128, "token": 0.3310157, "frag_count": 3, "hall": 78, "received_len": 550, "t_start": 251558}
{"delay": 2974, "tries": 0, "t_stop": 258638, "memfree": 79920, "ACK": 0.288481, "temp": 128, "token": 0.004380822, "frag_count": 3, "hall": 82, "received_len": 550, "t_start": 255664}
{"delay": 2973, "tries": 0, "t_stop": 262733, "memfree": 79920, "ACK": 0.288481, "temp": 128, "token": 0.6718145, "frag_count": 3, "hall": 79, "received_len": 550, "t_start": 259760}
{"delay": 2973, "tries": 0, "t_stop": 266841, "memfree": 79920, "ACK": 0.288481, "temp": 128, "token": 0.6800795, "frag_count": 3, "hall": 83, "received_len": 550, "t_start": 263868}
{"delay": 2973, "tries": 0, "t_stop": 270931, "memfree": 79920, "ACK": 0.288481, "temp": 128, "token": 0.4336348, "frag_count": 3, "hall": 79, "received_len": 550, "t_start": 267958}
{"delay": 2967, "tries": 0, "t_stop": 275019, "memfree": 79920, "ACK": 0.288481, "temp": 128, "token": 0.4908998, "frag_count": 3, "hall": 84, "received_len": 550, "t_start": 272052}
{"delay": 2962, "tries": 0, "t_stop": 279137, "memfree": 79920, "ACK": 0.288481, "temp": 128, "token": 0.3867979, "frag_count": 3, "hall": 85, "received_len": 550, "t_start": 276175}
{"delay": 2974, "tries": 0, "t_stop": 283243, "memfree": 79920, "ACK": 0.288481, "temp": 128, "token": 0.3474115, "frag_count": 3, "hall": 80, "received_len": 550, "t_start": 280269}
{"delay": 2968, "tries": 0, "t_stop": 287332, "memfree": 79920, "ACK": 0.288481, "temp": 128, "token": 0.9968382, "frag_count": 3, "hall": 85, "received_len": 550, "t_start": 284364}
{"delay": 2965, "tries": 0, "t_stop": 291434, "memfree": 79920, "ACK": 0.288481, "temp": 128, "token": 0.336911, "frag_count": 3, "hall": 82, "received_len": 550, "t_start": 288469}
{"delay": 2968, "tries": 0, "t_stop": 295532, "memfree": 79920, "ACK": 0.288481, "temp": 128, "token": 0.1825589, "frag_count": 3, "hall": 86, "received_len": 550, "t_start": 292564}
{"delay": 2969, "tries": 0, "t_stop": 299642, "memfree": 79920, "ACK": 0.288481, "temp": 128, "token": 0.1310722, "frag_count": 3, "hall": 79, "received_len": 550, "t_start": 296673}
{"delay": 2974, "tries": 0, "t_stop": 303752, "memfree": 79920, "ACK": 0.288481, "temp": 128, "token": 0.0280391, "frag_count": 3, "hall": 84, "received_len": 550, "t_start": 300778}
{"delay": 2964, "tries": 0, "t_stop": 307880, "memfree": 79920, "ACK": 0.288481, "temp": 128, "token": 0.7809247, "frag_count": 3, "hall": 78, "received_len": 550, "t_start": 304916}
{"delay": 2969, "tries": 0, "t_stop": 311989, "memfree": 79920, "ACK": 0.288481, "temp": 128, "token": 0.2940415, "frag_count": 3, "hall": 83, "received_len": 550, "t_start": 309020}
{"delay": 2968, "tries": 0, "t_stop": 316151, "memfree": 79920, "ACK": 0.288481, "temp": 128, "token": 0.4723346, "frag_count": 3, "hall": 73, "received_len": 550, "t_start": 313183}
{"delay": 2968, "tries": 0, "t_stop": 320233, "memfree": 79920, "ACK": 0.288481, "temp": 128, "token": 0.1168613, "frag_count": 3, "hall": 75, "received_len": 550, "t_start": 317265}
{"delay": 2974, "tries": 0, "t_stop": 324322, "memfree": 79920, "ACK": 0.288481, "temp": 128, "token": 0.9410357, "frag_count": 3, "hall": 72, "received_len": 550, "t_start": 321348}
{"delay": 2970, "tries": 0, "t_stop": 328405, "memfree": 79920, "ACK": 0.288481, "temp": 128, "token": 0.9934221, "frag_count": 3, "hall": 79, "received_len": 550, "t_start": 325436}
{"delay": 2975, "tries": 0, "t_stop": 332505, "memfree": 79920, "ACK": 0.288481, "temp": 128, "token": 0.6842951, "frag_count": 3, "hall": 78, "received_len": 550, "t_start": 329530}
{"delay": 2967, "tries": 0, "t_stop": 336585, "memfree": 79920, "ACK": 0.288481, "temp": 128, "token": 0.5274464, "frag_count": 3, "hall": 84, "received_len": 550, "t_start": 333618}
{"delay": 2977, "tries": 0, "t_stop": 340691, "memfree": 79920, "ACK": 0.288481, "temp": 128, "token": 0.02407813, "frag_count": 3, "hall": 86, "received_len": 550, "t_start": 337714}
{"delay": 2970, "tries": 0, "t_stop": 344792, "memfree": 79920, "ACK": 0.288481, "temp": 128, "token": 0.3666399, "frag_count": 3, "hall": 81, "received_len": 550, "t_start": 341822}
{"delay": 2968, "tries": 0, "t_stop": 348893, "memfree": 79920, "ACK": 0.288481, "temp": 128, "token": 0.3042513, "frag_count": 3, "hall": 79, "received_len": 550, "t_start": 345925}
{"delay": 2976, "tries": 0, "t_stop": 352991, "memfree": 79920, "ACK": 0.288481, "temp": 128, "token": 0.05143094, "frag_count": 3, "hall": 76, "received_len": 550, "t_start": 350015}
{"delay": 2967, "tries": 0, "t_stop": 357079, "memfree": 79920, "ACK": 0.288481, "temp": 128, "token": 0.3935921, "frag_count": 3, "hall": 76, "received_len": 550, "t_start": 354112}
{"delay": 2974, "tries": 0, "t_stop": 361173, "memfree": 79920, "ACK": 0.288481, "temp": 128, "token": 0.5900172, "frag_count": 3, "hall": 77, "received_len": 550, "t_start": 358199}
{"delay": 2962, "tries": 0, "t_stop": 365254, "memfree": 79920, "ACK": 0.288481, "temp": 128, "token": 0.765627, "frag_count": 3, "hall": 77, "received_len": 550, "t_start": 362292}
{"delay": 2973, "tries": 0, "t_stop": 369341, "memfree": 79920, "ACK": 0.288481, "temp": 128, "token": 0.8504875, "frag_count": 3, "hall": 77, "received_len": 550, "t_start": 366368}
{"delay": 2968, "tries": 0, "t_stop": 373874, "memfree": 79920, "ACK": 0.288481, "temp": 128, "token": 0.07285726, "frag_count": 3, "hall": 84, "received_len": 550, "t_start": 370906}
{"delay": 2972, "tries": 0, "t_stop": 377991, "memfree": 79920, "ACK": 0.288481, "temp": 128, "token": 0.1574119, "frag_count": 3, "hall": 81, "received_len": 550, "t_start": 375019}
{"delay": 2974, "tries": 0, "t_stop": 382102, "memfree": 79920, "ACK": 0.288481, "temp": 128, "token": 0.5781837, "frag_count": 3, "hall": 80, "received_len": 550, "t_start": 379128}
{"delay": 2961, "tries": 0, "t_stop": 386617, "memfree": 79920, "ACK": 0.288481, "temp": 128, "token": 0.5007789, "frag_count": 3, "hall": 77, "received_len": 550, "t_start": 383656}
