{"delay": 3342, "tries": 0, "t_stop": 394757, "memfree": 79712, "ACK": 0.1887504, "temp": 128, "token": 0.3451741, "frag_count": 3, "hall": 86, "received_len": 760, "t_start": 391415}
{"delay": 3329, "tries": 0, "t_stop": 399286, "memfree": 79712, "ACK": 0.1887504, "temp": 128, "token": 0.6163, "frag_count": 3, "hall": 84, "received_len": 760, "t_start": 395957}
{"delay": 3334, "tries": 0, "t_stop": 403819, "memfree": 79712, "ACK": 0.1887504, "temp": 128, "token": 0.02790546, "frag_count": 3, "hall": 77, "received_len": 760, "t_start": 400485}
{"delay": 3343, "tries": 0, "t_stop": 408371, "memfree": 79712, "ACK": 0.1887504, "temp": 128, "token": 0.8181845, "frag_count": 3, "hall": 72, "received_len": 760, "t_start": 405028}
{"delay": 3338, "tries": 0, "t_stop": 412905, "memfree": 79712, "ACK": 0.1887504, "temp": 128, "token": 0.1997776, "frag_count": 3, "hall": 76, "received_len": 760, "t_start": 409567}
{"delay": 3336, "tries": 0, "t_stop": 417441, "memfree": 79712, "ACK": 0.1887504, "temp": 128, "token": 0.9663126, "frag_count": 3, "hall": 80, "received_len": 760, "t_start": 414105}
{"delay": 3330, "tries": 0, "t_stop": 421978, "memfree": 79712, "ACK": 0.1887504, "temp": 128, "token": 0.3525882, "frag_count": 3, "hall": 82, "received_len": 760, "t_start": 418648}
{"delay": 3341, "tries": 0, "t_stop": 426529, "memfree": 79712, "ACK": 0.1887504, "temp": 128, "token": 0.6267691, "frag_count": 3, "hall": 83, "received_len": 760, "t_start": 423188}
{"delay": 3338, "tries": 0, "t_stop": 431053, "memfree": 79712, "ACK": 0.1887504, "temp": 128, "token": 0.6603943, "frag_count": 3, "hall": 76, "received_len": 760, "t_start": 427715}
{"delay": 3321, "tries": 0, "t_stop": 435566, "memfree": 79712, "ACK": 0.1887504, "temp": 128, "token": 0.88969, "frag_count": 3, "hall": 76, "received_len": 760, "t_start": 432245}
{"delay": 3335, "tries": 0, "t_stop": 440153, "memfree": 79712, "ACK": 0.1887504, "temp": 128, "token": 0.944894, "frag_count": 3, "hall": 77, "received_len": 760, "t_start": 436818}
{"delay": 3334, "tries": 0, "t_stop": 444679, "memfree": 79712, "ACK": 0.1887504, "temp": 128, "token": 0.2673221, "frag_count": 3, "hall": 85, "received_len": 760, "t_start": 441345}
{"delay": 3341, "tries": 0, "t_stop": 449259, "memfree": 79712, "ACK": 0.1887504, "temp": 128, "token": 0.6132853, "frag_count": 3, "hall": 81, "received_len": 760, "t_start": 445918}
{"delay": 3334, "tries": 0, "t_stop": 453780, "memfree": 79712, "ACK": 0.1887504, "temp": 128, "token": 0.07728541, "frag_count": 3, "hall": 80, "received_len": 760, "t_start": 450446}
{"delay": 3332, "tries": 0, "t_stop": 458322, "memfree": 79712, "ACK": 0.1887504, "temp": 128, "token": 0.9179994, "frag_count": 3, "hall": 82, "received_len": 760, "t_start": 454990}
{"delay": 3336, "tries": 0, "t_stop": 462853, "memfree": 79712, "ACK": 0.1887504, "temp": 128, "token": 0.8992814, "frag_count": 3, "hall": 85, "received_len": 760, "t_start": 459517}
{"delay": 3336, "tries": 0, "t_stop": 467394, "memfree": 79712, "ACK": 0.1887504, "temp": 128, "token": 0.3849053, "frag_count": 3, "hall": 80, "received_len": 760, "t_start": 464058}
{"delay": 3336, "tries": 0, "t_stop": 471932, "memfree": 79712, "ACK": 0.1887504, "temp": 128, "token": 0.7419716, "frag_count": 3, "hall": 81, "received_len": 760, "t_start": 468596}
{"delay": 3336, "tries": 0, "t_stop": 476475, "memfree": 79712, "ACK": 0.1887504, "temp": 128, "token": 0.5505284, "frag_count": 3, "hall": 81, "received_len": 760, "t_start": 473139}
{"delay": 3336, "tries": 0, "t_stop": 481021, "memfree": 79712, "ACK": 0.1887504, "temp": 128, "token": 0.1163275, "frag_count": 3, "hall": 82, "received_len": 760, "t_start": 477685}
{"delay": 3334, "tries": 0, "t_stop": 485551, "memfree": 79712, "ACK": 0.1887504, "temp": 128, "token": 0.7775161, "frag_count": 3, "hall": 79, "received_len": 760, "t_start": 482218}
{"delay": 3334, "tries": 0, "t_stop": 490081, "memfree": 79712, "ACK": 0.1887504, "temp": 128, "token": 0.6094015, "frag_count": 3, "hall": 87, "received_len": 760, "t_start": 486747}
{"delay": 3334, "tries": 0, "t_stop": 494624, "memfree": 79712, "ACK": 0.1887504, "temp": 128, "token": 0.1735473, "frag_count": 3, "hall": 74, "received_len": 760, "t_start": 491290}
{"delay": 3343, "tries": 0, "t_stop": 499169, "memfree": 79712, "ACK": 0.1887504, "temp": 128, "token": 0.8265194, "frag_count": 3, "hall": 79, "received_len": 760, "t_start": 495826}
{"delay": 3334, "tries": 1, "t_stop": 515829, "memfree": 79712, "ACK": 0.1887504, "temp": 128, "token": 0.3048847, "frag_count": 3, "hall": 78, "received_len": 760, "t_start": 512495}
{"delay": 3332, "tries": 0, "t_stop": 520358, "memfree": 79712, "ACK": 0.1887504, "temp": 128, "token": 0.6222424, "frag_count": 3, "hall": 81, "received_len": 760, "t_start": 517026}
{"delay": 3342, "tries": 0, "t_stop": 524918, "memfree": 79712, "ACK": 0.1887504, "temp": 128, "token": 0.5159482, "frag_count": 3, "hall": 77, "received_len": 760, "t_start": 521576}
{"delay": 3340, "tries": 1, "t_stop": 541617, "memfree": 79712, "ACK": 0.1887504, "temp": 128, "token": 0.2986693, "frag_count": 3, "hall": 83, "received_len": 760, "t_start": 538277}
{"delay": 3335, "tries": 0, "t_stop": 546151, "memfree": 79712, "ACK": 0.1887504, "temp": 128, "token": 0.8531426, "frag_count": 3, "hall": 84, "received_len": 760, "t_start": 542816}
{"delay": 3335, "tries": 0, "t_stop": 550691, "memfree": 79712, "ACK": 0.1887504, "temp": 128, "token": 0.6421154, "frag_count": 3, "hall": 86, "received_len": 760, "t_start": 547356}
{"delay": 3336, "tries": 0, "t_stop": 555222, "memfree": 79712, "ACK": 0.1887504, "temp": 128, "token": 0.2852746, "frag_count": 3, "hall": 82, "received_len": 760, "t_start": 551886}
{"delay": 3335, "tries": 0, "t_stop": 559749, "memfree": 79712, "ACK": 0.1887504, "temp": 128, "token": 0.8705425, "frag_count": 3, "hall": 72, "received_len": 760, "t_start": 556414}
{"delay": 3333, "tries": 1, "t_stop": 576459, "memfree": 79712, "ACK": 0.1887504, "temp": 128, "token": 0.4920588, "frag_count": 3, "hall": 81, "received_len": 760, "t_start": 573126}
{"delay": 3335, "tries": 0, "t_stop": 581002, "memfree": 79712, "ACK": 0.1887504, "temp": 128, "token": 0.5078441, "frag_count": 3, "hall": 87, "received_len": 760, "t_start": 577667}
{"delay": 3333, "tries": 0, "t_stop": 585528, "memfree": 79712, "ACK": 0.1887504, "temp": 128, "token": 0.4946868, "frag_count": 3, "hall": 85, "received_len": 760, "t_start": 582195}
{"delay": 3331, "tries": 0, "t_stop": 590070, "memfree": 79712, "ACK": 0.1887504, "temp": 128, "token": 0.4301927, "frag_count": 3, "hall": 79, "received_len": 760, "t_start": 586739}
{"delay": 3335, "tries": 0, "t_stop": 594613, "memfree": 79712, "ACK": 0.1887504, "temp": 128, "token": 0.7356566, "frag_count": 3, "hall": 79, "received_len": 760, "t_start": 591278}
{"delay": 3336, "tries": 0, "t_stop": 599152, "memfree": 79712, "ACK": 0.1887504, "temp": 128, "token": 0.9219812, "frag_count": 3, "hall": 76, "received_len": 760, "t_start": 595816}
{"delay": 3335, "tries": 0, "t_stop": 603681, "memfree": 79712, "ACK": 0.1887504, "temp": 128, "token": 0.2723739, "frag_count": 3, "hall": 84, "received_len": 760, "t_start": 600346}
{"delay": 3336, "tries": 0, "t_stop": 608222, "memfree": 79712, "ACK": 0.1887504, "temp": 128, "token": 0.1546735, "frag_count": 3, "hall": 81, "received_len": 760, "t_start": 604886}
