{"delay": 1382, "tries": 0, "t_stop": 613838, "memfree": 79904, "ACK": 0.9632187, "temp": 128, "token": 0.03309691, "frag_count": 1, "hall": 76, "received_len": 238, "t_start": 612456}
{"delay": 1376, "tries": 0, "t_stop": 616343, "memfree": 79872, "ACK": 0.9632187, "temp": 128, "token": 0.5259776, "frag_count": 1, "hall": 82, "received_len": 238, "t_start": 614967}
{"delay": 1375, "tries": 0, "t_stop": 618883, "memfree": 79904, "ACK": 0.9632187, "temp": 128, "token": 0.4490648, "frag_count": 1, "hall": 83, "received_len": 238, "t_start": 617508}
{"delay": 1374, "tries": 0, "t_stop": 621401, "memfree": 79904, "ACK": 0.9632187, "temp": 128, "token": 0.4764991, "frag_count": 1, "hall": 79, "received_len": 238, "t_start": 620027}
{"delay": 1376, "tries": 0, "t_stop": 623942, "memfree": 79904, "ACK": 0.9632187, "temp": 128, "token": 0.4870299, "frag_count": 1, "hall": 81, "received_len": 238, "t_start": 622566}
{"delay": 1374, "tries": 0, "t_stop": 626483, "memfree": 79904, "ACK": 0.9632187, "temp": 128, "token": 0.7288465, "frag_count": 1, "hall": 85, "received_len": 238, "t_start": 625109}
{"delay": 1375, "tries": 0, "t_stop": 629011, "memfree": 79904, "ACK": 0.9632187, "temp": 128, "token": 0.0918504, "frag_count": 1, "hall": 84, "received_len": 238, "t_start": 627637}
{"delay": 1375, "tries": 0, "t_stop": 631553, "memfree": 79904, "ACK": 0.9632187, "temp": 128, "token": 0.7167302, "frag_count": 1, "hall": 82, "received_len": 238, "t_start": 630178}
{"delay": 1375, "tries": 0, "t_stop": 634080, "memfree": 79904, "ACK": 0.9632187, "temp": 128, "token": 0.4012479, "frag_count": 1, "hall": 87, "received_len": 238, "t_start": 632705}
{"delay": 1368, "tries": 0, "t_stop": 636604, "memfree": 79904, "ACK": 0.9632187, "temp": 128, "token": 0.777844, "frag_count": 1, "hall": 79, "received_len": 238, "t_start": 635236}
{"delay": 1375, "tries": 0, "t_stop": 639140, "memfree": 79904, "ACK": 0.9632187, "temp": 128, "token": 0.9199033, "frag_count": 1, "hall": 72, "received_len": 238, "t_start": 637765}
{"delay": 1376, "tries": 0, "t_stop": 641672, "memfree": 79904, "ACK": 0.9632187, "temp": 128, "token": 0.6278572, "frag_count": 1, "hall": 73, "received_len": 238, "t_start": 640296}
{"delay": 1375, "tries": 0, "t_stop": 644204, "memfree": 79904, "ACK": 0.9632187, "temp": 128, "token": 0.2927231, "frag_count": 1, "hall": 82, "received_len": 238, "t_start": 642829}
{"delay": 1376, "tries": 0, "t_stop": 646744, "memfree": 79904, "ACK": 0.9632187, "temp": 128, "token": 0.8844433, "frag_count": 1, "hall": 72, "received_len": 238, "t_start": 645368}
{"delay": 1375, "tries": 0, "t_stop": 649278, "memfree": 79904, "ACK": 0.9632187, "temp": 128, "token": 0.08158672, "frag_count": 1, "hall": 80, "received_len": 238, "t_start": 647903}
{"delay": 1374, "tries": 0, "t_stop": 651801, "memfree": 79904, "ACK": 0.9632187, "temp": 128, "token": 0.4458298, "frag_count": 1, "hall": 86, "received_len": 238, "t_start": 650428}
{"delay": 1374, "tries": 0, "t_stop": 654340, "memfree": 79904, "ACK": 0.9632187, "temp": 128, "token": 0.5328789, "frag_count": 1, "hall": 74, "received_len": 238, "t_start": 652966}
{"delay": 1369, "tries": 0, "t_stop": 656867, "memfree": 79904, "ACK": 0.9632187, "temp": 128, "token": 0.883103, "frag_count": 1, "hall": 78, "received_len": 238, "t_start": 655498}
{"delay": 1368, "tries": 0, "t_stop": 659404, "memfree": 79904, "ACK": 0.9632187, "temp": 128, "token": 0.826778, "frag_count": 1, "hall": 70, "received_len": 238, "t_start": 658036}
{"delay": 1374, "tries": 0, "t_stop": 661952, "memfree": 79904, "ACK": 0.9632187, "temp": 128, "token": 0.9616718, "frag_count": 1, "hall": 85, "received_len": 238, "t_start": 660578}
{"delay": 1376, "tries": 0, "t_stop": 664491, "memfree": 79904, "ACK": 0.9632187, "temp": 128, "token": 0.1717058, "frag_count": 1, "hall": 82, "received_len": 238, "t_start": 663115}
{"delay": 1373, "tries": 0, "t_stop": 667018, "memfree": 79904, "ACK": 0.9632187, "temp": 128, "token": 0.9385592, "frag_count": 1, "hall": 82, "received_len": 238, "t_start": 665645}
{"delay": 1364, "tries": 0, "t_stop": 669588, "memfree": 79904, "ACK": 0.9632187, "temp": 128, "token": 0.949792, "frag_count": 1, "hall": 83, "received_len": 238, "t_start": 668225}
{"delay": 1365, "tries": 0, "t_stop": 672130, "memfree": 79904, "ACK": 0.9632187, "temp": 128, "token": 0.11572, "frag_count": 1, "hall": 76, "received_len": 238, "t_start": 670766}
{"delay": 1372, "tries": 0, "t_stop": 674678, "memfree": 79904, "ACK": 0.9632187, "temp": 128, "token": 0.2802099, "frag_count": 1, "hall": 83, "received_len": 238, "t_start": 673306}
{"delay": 1376, "tries": 0, "t_stop": 677209, "memfree": 79904, "ACK": 0.9632187, "temp": 128, "token": 0.1370517, "frag_count": 1, "hall": 80, "received_len": 238, "t_start": 675833}
{"delay": 1376, "tries": 0, "t_stop": 679739, "memfree": 79904, "ACK": 0.9632187, "temp": 128, "token": 0.9843607, "frag_count": 1, "hall": 83, "received_len": 238, "t_start": 678363}
{"delay": 1374, "tries": 0, "t_stop": 682262, "memfree": 79904, "ACK": 0.9632187, "temp": 128, "token": 0.01063716, "frag_count": 1, "hall": 77, "received_len": 238, "t_start": 680888}
{"delay": 1375, "tries": 0, "t_stop": 684790, "memfree": 79904, "ACK": 0.9632187, "temp": 128, "token": 0.3375558, "frag_count": 1, "hall": 79, "received_len": 238, "t_start": 683415}
{"delay": 1375, "tries": 0, "t_stop": 687331, "memfree": 79904, "ACK": 0.9632187, "temp": 128, "token": 0.5289459, "frag_count": 1, "hall": 79, "received_len": 238, "t_start": 685956}
{"delay": 1375, "tries": 0, "t_stop": 689850, "memfree": 79904, "ACK": 0.9632187, "temp": 128, "token": 0.9403981, "frag_count": 1, "hall": 79, "received_len": 238, "t_start": 688475}
{"delay": 1374, "tries": 0, "t_stop": 692379, "memfree": 79904, "ACK": 0.9632187, "temp": 128, "token": 0.7297221, "frag_count": 1, "hall": 78, "received_len": 238, "t_start": 691005}
{"delay": 1375, "tries": 0, "t_stop": 694912, "memfree": 79904, "ACK": 0.9632187, "temp": 128, "token": 0.3458295, "frag_count": 1, "hall": 79, "received_len": 238, "t_start": 693537}
{"delay": 1368, "tries": 0, "t_stop": 697444, "memfree": 79904, "ACK": 0.9632187, "temp": 128, "token": 0.470228, "frag_count": 1, "hall": 79, "received_len": 238, "t_start": 696076}
{"delay": 1375, "tries": 0, "t_stop": 699981, "memfree": 79904, "ACK": 0.9632187, "temp": 128, "token": 0.2111924, "frag_count": 1, "hall": 83, "received_len": 238, "t_start": 698606}
{"delay": 1374, "tries": 0, "t_stop": 702512, "memfree": 79904, "ACK": 0.9632187, "temp": 128, "token": 0.5047479, "frag_count": 1, "hall": 80, "received_len": 238, "t_start": 701138}
{"delay": 1368, "tries": 0, "t_stop": 705035, "memfree": 79904, "ACK": 0.9632187, "temp": 128, "token": 0.976111, "frag_count": 1, "hall": 77, "received_len": 238, "t_start": 703667}
{"delay": 1375, "tries": 0, "t_stop": 707572, "memfree": 79904, "ACK": 0.9632187, "temp": 128, "token": 0.1170892, "frag_count": 1, "hall": 84, "received_len": 238, "t_start": 706197}
{"delay": 1375, "tries": 0, "t_stop": 710103, "memfree": 79904, "ACK": 0.9632187, "temp": 128, "token": 0.1747692, "frag_count": 1, "hall": 83, "received_len": 238, "t_start": 708728}
{"delay": 1376, "tries": 0, "t_stop": 712624, "memfree": 79904, "ACK": 0.9632187, "temp": 128, "token": 0.841432, "frag_count": 1, "hall": 80, "received_len": 238, "t_start": 711248}
