{"nonce": 0.01473749, "memfree": 82912, "token": "0.4700971", "t_stop": 16302, "tries": 1, "delay": 11780, "gw": "c44f336ab5c1", "status": 1, "t_start": 4519}
{"nonce": 0.01473749, "memfree": 82848, "token": "0.104952", "t_stop": 31375, "tries": 1, "delay": 12769, "gw": "c44f336ab5c1", "status": 1, "t_start": 18603}
{"nonce": 0.01473749, "memfree": 82848, "token": "0.5439486", "t_stop": 34470, "tries": 0, "delay": 769, "gw": "c44f336ab5c1", "status": 1, "t_start": 33698}
{"nonce": 0.01473749, "memfree": 82848, "token": "0.8863174", "t_stop": 37480, "tries": 0, "delay": 759, "gw": "c44f336ab5c1", "status": 1, "t_start": 36717}
{"nonce": 0.01473749, "memfree": 82848, "token": "0.4905792", "t_stop": 40499, "tries": 0, "delay": 761, "gw": "c44f336ab5c1", "status": 1, "t_start": 39735}
{"nonce": 0.01473749, "memfree": 82848, "token": "0.04475129", "t_stop": 43534, "tries": 0, "delay": 767, "gw": "c44f336ab5c1", "status": 1, "t_start": 42764}
{"nonce": 0.01473749, "memfree": 82848, "token": "0.04906368", "t_stop": 46549, "tries": 0, "delay": 767, "gw": "c44f336ab5c1", "status": 1, "t_start": 45778}
{"nonce": 0.01473749, "memfree": 82848, "token": "0.7590241", "t_stop": 49560, "tries": 0, "delay": 768, "gw": "c44f336ab5c1", "status": 1, "t_start": 48789}
{"nonce": 0.01473749, "memfree": 82864, "token": "0.1431599", "t_stop": 52567, "tries": 0, "delay": 764, "gw": "c44f336ab5c1", "status": 1, "t_start": 51799}
{"nonce": 0.01473749, "memfree": 82864, "token": "0.3802596", "t_stop": 55576, "tries": 0, "delay": 760, "gw": "c44f336ab5c1", "status": 1, "t_start": 54812}
{"nonce": 0.01473749, "memfree": 82864, "token": "0.4273913", "t_stop": 58607, "tries": 0, "delay": 761, "gw": "c44f336ab5c1", "status": 1, "t_start": 57843}
{"nonce": 0.01473749, "memfree": 82864, "token": "0.5798391", "t_stop": 61636, "tries": 0, "delay": 759, "gw": "c44f336ab5c1", "status": 1, "t_start": 60874}
{"nonce": 0.01473749, "memfree": 82800, "token": "0.7918934", "t_stop": 64663, "tries": 0, "delay": 766, "gw": "c44f336ab5c1", "status": 1, "t_start": 63894}
{"nonce": 0.01473749, "memfree": 82800, "token": "0.9528016", "t_stop": 67671, "tries": 0, "delay": 761, "gw": "c44f336ab5c1", "status": 1, "t_start": 66907}
{"nonce": 0.01473749, "memfree": 82800, "token": "0.0002461672", "t_stop": 70703, "tries": 0, "delay": 774, "gw": "c44f336ab5c1", "status": 1, "t_start": 69926}
{"nonce": 0.01473749, "memfree": 82800, "token": "0.7007117", "t_stop": 73719, "tries": 0, "delay": 761, "gw": "c44f336ab5c1", "status": 1, "t_start": 72954}
{"nonce": 0.01473749, "memfree": 82800, "token": "0.5928054", "t_stop": 76749, "tries": 0, "delay": 759, "gw": "c44f336ab5c1", "status": 1, "t_start": 75987}
{"nonce": 0.01473749, "memfree": 82800, "token": "0.5171735", "t_stop": 79781, "tries": 0, "delay": 761, "gw": "c44f336ab5c1", "status": 1, "t_start": 79017}
{"nonce": 0.01473749, "memfree": 82800, "token": "0.8908525", "t_stop": 82809, "tries": 0, "delay": 759, "gw": "c44f336ab5c1", "status": 1, "t_start": 82047}
{"nonce": 0.01473749, "memfree": 82800, "token": "0.6912431", "t_stop": 85837, "tries": 0, "delay": 760, "gw": "c44f336ab5c1", "status": 1, "t_start": 85074}
{"nonce": 0.01473749, "memfree": 82800, "token": "0.5150524", "t_stop": 88862, "tries": 0, "delay": 765, "gw": "c44f336ab5c1", "status": 1, "t_start": 88093}
{"nonce": 0.01473749, "memfree": 82800, "token": "0.5426285", "t_stop": 91879, "tries": 0, "delay": 760, "gw": "c44f336ab5c1", "status": 1, "t_start": 91115}
{"nonce": 0.01473749, "memfree": 82800, "token": "0.6164727", "t_stop": 94912, "tries": 0, "delay": 761, "gw": "c44f336ab5c1", "status": 1, "t_start": 94148}
{"nonce": 0.01473749, "memfree": 82800, "token": "0.8993622", "t_stop": 97951, "tries": 0, "delay": 761, "gw": "c44f336ab5c1", "status": 1, "t_start": 97187}
{"nonce": 0.01473749, "memfree": 82800, "token": "0.1549183", "t_stop": 100976, "tries": 0, "delay": 765, "gw": "c44f336ab5c1", "status": 1, "t_start": 100208}
{"nonce": 0.01473749, "memfree": 82800, "token": "0.9281416", "t_stop": 103999, "tries": 0, "delay": 761, "gw": "c44f336ab5c1", "status": 1, "t_start": 103235}
{"nonce": 0.01473749, "memfree": 82800, "token": "0.332316", "t_stop": 107032, "tries": 0, "delay": 765, "gw": "c44f336ab5c1", "status": 1, "t_start": 106263}
{"nonce": 0.01473749, "memfree": 82800, "token": "0.05065036", "t_stop": 110052, "tries": 0, "delay": 766, "gw": "c44f336ab5c1", "status": 1, "t_start": 109283}
{"nonce": 0.01473749, "memfree": 82800, "token": "0.6664506", "t_stop": 113071, "tries": 0, "delay": 761, "gw": "c44f336ab5c1", "status": 1, "t_start": 112306}
{"nonce": 0.01473749, "memfree": 82800, "token": "0.05168176", "t_stop": 116105, "tries": 0, "delay": 766, "gw": "c44f336ab5c1", "status": 1, "t_start": 115335}
{"nonce": 0.01473749, "memfree": 82800, "token": "0.4784798", "t_stop": 119122, "tries": 0, "delay": 763, "gw": "c44f336ab5c1", "status": 1, "t_start": 118356}
{"nonce": 0.01473749, "memfree": 82800, "token": "0.8954745", "t_stop": 122151, "tries": 0, "delay": 759, "gw": "c44f336ab5c1", "status": 1, "t_start": 121389}
{"nonce": 0.01473749, "memfree": 82800, "token": "0.4137191", "t_stop": 125168, "tries": 0, "delay": 761, "gw": "c44f336ab5c1", "status": 1, "t_start": 124403}
{"nonce": 0.01473749, "memfree": 82800, "token": "0.9506241", "t_stop": 128181, "tries": 0, "delay": 761, "gw": "c44f336ab5c1", "status": 1, "t_start": 127416}
{"nonce": 0.01473749, "memfree": 82800, "token": "0.3286492", "t_stop": 131201, "tries": 0, "delay": 760, "gw": "c44f336ab5c1", "status": 1, "t_start": 130438}
{"nonce": 0.01473749, "memfree": 82800, "token": "0.8599191", "t_stop": 134220, "tries": 0, "delay": 760, "gw": "c44f336ab5c1", "status": 1, "t_start": 133456}
{"nonce": 0.01473749, "memfree": 82800, "token": "0.6546135", "t_stop": 137248, "tries": 0, "delay": 761, "gw": "c44f336ab5c1", "status": 1, "t_start": 136484}
{"nonce": 0.01473749, "memfree": 82800, "token": "0.3706799", "t_stop": 140281, "tries": 0, "delay": 761, "gw": "c44f336ab5c1", "status": 1, "t_start": 139517}
{"nonce": 0.01473749, "memfree": 82800, "token": "0.9452004", "t_stop": 143297, "tries": 0, "delay": 760, "gw": "c44f336ab5c1", "status": 1, "t_start": 142533}
{"nonce": 0.01473749, "memfree": 82800, "token": "0.2332147", "t_stop": 146324, "tries": 0, "delay": 768, "gw": "c44f336ab5c1", "status": 1, "t_start": 145553}
