{"delay": 2836, "tries": 0, "t_stop": 431784, "memfree": 79680, "ACK": 0.9501472, "temp": 128, "token": 0.4645324, "frag_count": 3, "hall": 79, "received_len": 760, "t_start": 428948}
{"delay": 2836, "tries": 0, "t_stop": 435843, "memfree": 79680, "ACK": 0.9501472, "temp": 128, "token": 0.6836534, "frag_count": 3, "hall": 79, "received_len": 760, "t_start": 433007}
{"delay": 2838, "tries": 0, "t_stop": 439895, "memfree": 79680, "ACK": 0.9501472, "temp": 128, "token": 0.7792802, "frag_count": 3, "hall": 82, "received_len": 760, "t_start": 437057}
{"delay": 2829, "tries": 0, "t_stop": 443936, "memfree": 79680, "ACK": 0.9501472, "temp": 128, "token": 0.3762801, "frag_count": 3, "hall": 76, "received_len": 760, "t_start": 441107}
{"delay": 2837, "tries": 0, "t_stop": 447995, "memfree": 79680, "ACK": 0.9501472, "temp": 128, "token": 0.2615398, "frag_count": 3, "hall": 89, "received_len": 760, "t_start": 445158}
{"delay": 2837, "tries": 0, "t_stop": 452041, "memfree": 79680, "ACK": 0.9501472, "temp": 128, "token": 0.7470383, "frag_count": 3, "hall": 79, "received_len": 760, "t_start": 449204}
{"delay": 2844, "tries": 0, "t_stop": 456103, "memfree": 79680, "ACK": 0.9501472, "temp": 128, "token": 0.002470255, "frag_count": 3, "hall": 79, "received_len": 760, "t_start": 453259}
{"delay": 2837, "tries": 0, "t_stop": 460145, "memfree": 79680, "ACK": 0.9501472, "temp": 128, "token": 0.1858907, "frag_count": 3, "hall": 79, "received_len": 760, "t_start": 457308}
{"delay": 2836, "tries": 0, "t_stop": 464180, "memfree": 79680, "ACK": 0.9501472, "temp": 128, "token": 0.7250562, "frag_count": 3, "hall": 81, "received_len": 760, "t_start": 461344}
{"delay": 2838, "tries": 0, "t_stop": 468224, "memfree": 79680, "ACK": 0.9501472, "temp": 128, "token": 0.9024625, "frag_count": 3, "hall": 82, "received_len": 760, "t_start": 465386}
{"delay": 2839, "tries": 0, "t_stop": 473003, "memfree": 79680, "ACK": 0.9501472, "temp": 128, "token": 0.5458367, "frag_count": 3, "hall": 85, "received_len": 760, "t_start": 470164}
{"delay": 2830, "tries": 0, "t_stop": 477025, "memfree": 79680, "ACK": 0.9501472, "temp": 128, "token": 0.4869085, "frag_count": 3, "hall": 81, "received_len": 760, "t_start": 474195}
{"delay": 2836, "tries": 0, "t_stop": 481096, "memfree": 79680, "ACK": 0.9501472, "temp": 128, "token": 0.6029928, "frag_count": 3, "hall": 80, "received_len": 760, "t_start": 478260}
{"delay": 2831, "tries": 0, "t_stop": 485123, "memfree": 79680, "ACK": 0.9501472, "temp": 128, "token": 0.1508909, "frag_count": 3, "hall": 79, "received_len": 760, "t_start": 482292}
{"delay": 2837, "tries": 0, "t_stop": 489173, "memfree": 79680, "ACK": 0.9501472, "temp": 128, "token": 0.08079839, "frag_count": 3, "hall": 81, "received_len": 760, "t_start": 486336}
{"delay": 2829, "tries": 0, "t_stop": 493216, "memfree": 79680, "ACK": 0.9501472, "temp": 128, "token": 0.1156648, "frag_count": 3, "hall": 76, "received_len": 760, "t_start": 490387}
{"delay": 2836, "tries": 0, "t_stop": 497284, "memfree": 79680, "ACK": 0.9501472, "temp": 128, "token": 0.3875048, "frag_count": 3, "hall": 80, "received_len": 760, "t_start": 494448}
{"delay": 2834, "tries": 0, "t_stop": 501350, "memfree": 79680, "ACK": 0.9501472, "temp": 128, "token": 0.3147423, "frag_count": 3, "hall": 78, "received_len": 760, "t_start": 498516}
{"delay": 2830, "tries": 0, "t_stop": 505400, "memfree": 79696, "ACK": 0.9501472, "temp": 128, "token": 0.6961187, "frag_count": 3, "hall": 78, "received_len": 760, "t_start": 502570}
{"delay": 2827, "tries": 0, "t_stop": 509434, "memfree": 79664, "ACK": 0.9501472, "temp": 128, "token": 0.2323295, "frag_count": 3, "hall": 79, "received_len": 760, "t_start": 506607}
{"delay": 2831, "tries": 0, "t_stop": 513478, "memfree": 79664, "ACK": 0.9501472, "temp": 128, "token": 0.2408388, "frag_count": 3, "hall": 82, "received_len": 760, "t_start": 510647}
{"delay": 2833, "tries": 0, "t_stop": 517527, "memfree": 79664, "ACK": 0.9501472, "temp": 128, "token": 0.6853344, "frag_count": 3, "hall": 80, "received_len": 760, "t_start": 514694}
{"delay": 2829, "tries": 0, "t_stop": 521585, "memfree": 79664, "ACK": 0.9501472, "temp": 128, "token": 0.2572131, "frag_count": 3, "hall": 79, "received_len": 760, "t_start": 518756}
{"delay": 2835, "tries": 0, "t_stop": 525642, "memfree": 79664, "ACK": 0.9501472, "temp": 128, "token": 0.4358634, "frag_count": 3, "hall": 77, "received_len": 760, "t_start": 522807}
{"delay": 2837, "tries": 0, "t_stop": 529707, "memfree": 79664, "ACK": 0.9501472, "temp": 128, "token": 0.2247685, "frag_count": 3, "hall": 80, "received_len": 760, "t_start": 526870}
{"delay": 2830, "tries": 0, "t_stop": 533736, "memfree": 79664, "ACK": 0.9501472, "temp": 128, "token": 0.3320547, "frag_count": 3, "hall": 79, "received_len": 760, "t_start": 530906}
{"delay": 2837, "tries": 0, "t_stop": 537794, "memfree": 79664, "ACK": 0.9501472, "temp": 128, "token": 0.5255055, "frag_count": 3, "hall": 80, "received_len": 760, "t_start": 534957}
{"delay": 2836, "tries": 0, "t_stop": 541855, "memfree": 79664, "ACK": 0.9501472, "temp": 128, "token": 0.4139842, "frag_count": 3, "hall": 75, "received_len": 760, "t_start": 539019}
{"delay": 2837, "tries": 0, "t_stop": 545904, "memfree": 79696, "ACK": 0.9501472, "temp": 128, "token": 0.9944073, "frag_count": 3, "hall": 83, "received_len": 760, "t_start": 543067}
{"delay": 2824, "tries": 1, "t_stop": 562070, "memfree": 79680, "ACK": 0.9501472, "temp": 128, "token": 0.31646, "frag_count": 3, "hall": 78, "received_len": 760, "t_start": 559246}
{"delay": 2832, "tries": 0, "t_stop": 566109, "memfree": 79680, "ACK": 0.9501472, "temp": 128, "token": 0.3374414, "frag_count": 3, "hall": 79, "received_len": 760, "t_start": 563277}
{"delay": 2843, "tries": 0, "t_stop": 570171, "memfree": 79664, "ACK": 0.9501472, "temp": 128, "token": 0.003519177, "frag_count": 3, "hall": 84, "received_len": 760, "t_start": 567328}
{"delay": 2833, "tries": 0, "t_stop": 574221, "memfree": 79680, "ACK": 0.9501472, "temp": 128, "token": 0.6393278, "frag_count": 3, "hall": 82, "received_len": 760, "t_start": 571388}
{"delay": 2831, "tries": 0, "t_stop": 578260, "memfree": 79680, "ACK": 0.9501472, "temp": 128, "token": 0.4521589, "frag_count": 3, "hall": 82, "received_len": 760, "t_start": 575429}
{"delay": 2834, "tries": 0, "t_stop": 582310, "memfree": 79680, "ACK": 0.9501472, "temp": 128, "token": 0.3259149, "frag_count": 3, "hall": 80, "received_len": 760, "t_start": 579476}
{"delay": 2837, "tries": 0, "t_stop": 586364, "memfree": 79680, "ACK": 0.9501472, "temp": 128, "token": 0.9383277, "frag_count": 3, "hall": 74, "received_len": 760, "t_start": 583527}
{"delay": 2831, "tries": 0, "t_stop": 590413, "memfree": 79680, "ACK": 0.9501472, "temp": 128, "token": 0.3531284, "frag_count": 3, "hall": 84, "received_len": 760, "t_start": 587582}
{"delay": 2844, "tries": 0, "t_stop": 594480, "memfree": 79664, "ACK": 0.9501472, "temp": 128, "token": 0.003023863, "frag_count": 3, "hall": 78, "received_len": 760, "t_start": 591636}
{"delay": 2826, "tries": 0, "t_stop": 598523, "memfree": 79680, "ACK": 0.9501472, "temp": 128, "token": 0.684065, "frag_count": 3, "hall": 82, "received_len": 760, "t_start": 595697}
{"delay": 2831, "tries": 0, "t_stop": 602575, "memfree": 79680, "ACK": 0.9501472, "temp": 128, "token": 0.0375824, "frag_count": 3, "hall": 83, "received_len": 760, "t_start": 599744}
