{"delay": 1397, "tries": 0, "t_stop": 150997, "memfree": 82704, "ACK": 0.8367296, "temp": 128, "token": 0.6049901, "frag_count": 1, "hall": 78, "received_len": 242, "t_start": 149600}
{"delay": 1386, "tries": 0, "t_stop": 152512, "memfree": 82704, "ACK": 0.8367296, "temp": 128, "token": 0.9860479, "frag_count": 1, "hall": 77, "received_len": 242, "t_start": 151127}
{"delay": 1386, "tries": 0, "t_stop": 154019, "memfree": 82704, "ACK": 0.8367296, "temp": 128, "token": 0.9770741, "frag_count": 1, "hall": 81, "received_len": 242, "t_start": 152633}
{"delay": 1387, "tries": 0, "t_stop": 155546, "memfree": 82704, "ACK": 0.8367296, "temp": 128, "token": 0.7614068, "frag_count": 1, "hall": 81, "received_len": 242, "t_start": 154159}
{"delay": 1385, "tries": 0, "t_stop": 157050, "memfree": 82704, "ACK": 0.8367296, "temp": 128, "token": 0.2038074, "frag_count": 1, "hall": 82, "received_len": 242, "t_start": 155665}
{"delay": 1384, "tries": 0, "t_stop": 158572, "memfree": 82704, "ACK": 0.8367296, "temp": 128, "token": 0.8024914, "frag_count": 1, "hall": 78, "received_len": 242, "t_start": 157188}
{"delay": 1386, "tries": 0, "t_stop": 160090, "memfree": 82704, "ACK": 0.8367296, "temp": 128, "token": 0.6436769, "frag_count": 1, "hall": 78, "received_len": 242, "t_start": 158704}
{"delay": 1386, "tries": 0, "t_stop": 161614, "memfree": 82704, "ACK": 0.8367296, "temp": 128, "token": 0.3182706, "frag_count": 1, "hall": 84, "received_len": 242, "t_start": 160228}
{"delay": 1386, "tries": 0, "t_stop": 163133, "memfree": 82704, "ACK": 0.8367296, "temp": 128, "token": 0.7094451, "frag_count": 1, "hall": 80, "received_len": 242, "t_start": 161747}
{"delay": 1386, "tries": 0, "t_stop": 164640, "memfree": 82704, "ACK": 0.8367296, "temp": 128, "token": 0.7139413, "frag_count": 1, "hall": 78, "received_len": 242, "t_start": 163254}
{"delay": 1394, "tries": 0, "t_stop": 166161, "memfree": 82688, "ACK": 0.8367296, "temp": 128, "token": 0.002428889, "frag_count": 1, "hall": 78, "received_len": 242, "t_start": 164767}
{"delay": 1389, "tries": 0, "t_stop": 167664, "memfree": 82704, "ACK": 0.8367296, "temp": 128, "token": 0.04249585, "frag_count": 1, "hall": 85, "received_len": 242, "t_start": 166275}
{"delay": 1389, "tries": 0, "t_stop": 169177, "memfree": 82704, "ACK": 0.8367296, "temp": 128, "token": 0.04686201, "frag_count": 1, "hall": 77, "received_len": 242, "t_start": 167788}
{"delay": 1387, "tries": 0, "t_stop": 170684, "memfree": 82704, "ACK": 0.8367296, "temp": 128, "token": 0.5868127, "frag_count": 1, "hall": 75, "received_len": 242, "t_start": 169297}
{"delay": 1388, "tries": 0, "t_stop": 172206, "memfree": 82704, "ACK": 0.8367296, "temp": 128, "token": 0.1940695, "frag_count": 1, "hall": 80, "received_len": 242, "t_start": 170818}
{"delay": 1388, "tries": 0, "t_stop": 173722, "memfree": 82704, "ACK": 0.8367296, "temp": 128, "token": 0.2211714, "frag_count": 1, "hall": 81, "received_len": 242, "t_start": 172334}
{"delay": 1385, "tries": 0, "t_stop": 175242, "memfree": 82704, "ACK": 0.8367296, "temp": 128, "token": 0.3805491, "frag_count": 1, "hall": 85, "received_len": 242, "t_start": 173857}
{"delay": 1390, "tries": 0, "t_stop": 178287, "memfree": 82704, "ACK": 0.8367296, "temp": 128, "token": 0.1705542, "frag_count": 1, "hall": 80, "received_len": 242, "t_start": 176897}
{"delay": 1386, "tries": 0, "t_stop": 179813, "memfree": 82704, "ACK": 0.8367296, "temp": 128, "token": 0.6395762, "frag_count": 1, "hall": 80, "received_len": 242, "t_start": 178428}
{"delay": 1387, "tries": 0, "t_stop": 181324, "memfree": 82704, "ACK": 0.8367296, "temp": 128, "token": 0.1397141, "frag_count": 1, "hall": 79, "received_len": 242, "t_start": 179937}
{"delay": 1387, "tries": 0, "t_stop": 182844, "memfree": 82704, "ACK": 0.8367296, "temp": 128, "token": 0.3798653, "frag_count": 1, "hall": 86, "received_len": 242, "t_start": 181457}
{"delay": 1386, "tries": 0, "t_stop": 184373, "memfree": 82704, "ACK": 0.8367296, "temp": 128, "token": 0.7018414, "frag_count": 1, "hall": 83, "received_len": 242, "t_start": 182987}
{"delay": 1393, "tries": 0, "t_stop": 187480, "memfree": 82704, "ACK": 0.8367296, "temp": 128, "token": 0.9217104, "frag_count": 1, "hall": 78, "received_len": 242, "t_start": 186087}
{"delay": 1387, "tries": 0, "t_stop": 188995, "memfree": 82704, "ACK": 0.8367296, "temp": 128, "token": 0.4810898, "frag_count": 1, "hall": 81, "received_len": 242, "t_start": 187608}
{"delay": 1387, "tries": 0, "t_stop": 190511, "memfree": 82704, "ACK": 0.8367296, "temp": 128, "token": 0.8934382, "frag_count": 1, "hall": 81, "received_len": 242, "t_start": 189124}
{"delay": 1389, "tries": 0, "t_stop": 192037, "memfree": 82704, "ACK": 0.8367296, "temp": 128, "token": 0.7394588, "frag_count": 1, "hall": 77, "received_len": 242, "t_start": 190648}
{"delay": 1381, "tries": 0, "t_stop": 193546, "memfree": 82704, "ACK": 0.8367296, "temp": 128, "token": 0.604893, "frag_count": 1, "hall": 81, "received_len": 242, "t_start": 192165}
{"delay": 1388, "tries": 0, "t_stop": 195066, "memfree": 82704, "ACK": 0.8367296, "temp": 128, "token": 0.4945513, "frag_count": 1, "hall": 77, "received_len": 242, "t_start": 193678}
{"delay": 1382, "tries": 0, "t_stop": 196570, "memfree": 82704, "ACK": 0.8367296, "temp": 128, "token": 0.348709, "frag_count": 1, "hall": 82, "received_len": 242, "t_start": 195189}
{"delay": 1385, "tries": 0, "t_stop": 198091, "memfree": 82704, "ACK": 0.8367296, "temp": 128, "token": 0.8720788, "frag_count": 1, "hall": 78, "received_len": 242, "t_start": 196706}
{"delay": 1387, "tries": 0, "t_stop": 199616, "memfree": 82704, "ACK": 0.8367296, "temp": 128, "token": 0.3457724, "frag_count": 1, "hall": 81, "received_len": 242, "t_start": 198229}
{"delay": 1385, "tries": 0, "t_stop": 201130, "memfree": 82704, "ACK": 0.8367296, "temp": 128, "token": 0.5042145, "frag_count": 1, "hall": 82, "received_len": 242, "t_start": 199745}
{"delay": 1388, "tries": 0, "t_stop": 202654, "memfree": 82704, "ACK": 0.8367296, "temp": 128, "token": 0.9795507, "frag_count": 1, "hall": 81, "received_len": 242, "t_start": 201266}
{"delay": 1388, "tries": 0, "t_stop": 204173, "memfree": 82704, "ACK": 0.8367296, "temp": 128, "token": 0.7602704, "frag_count": 1, "hall": 79, "received_len": 242, "t_start": 202785}
{"delay": 1387, "tries": 0, "t_stop": 205694, "memfree": 82704, "ACK": 0.8367296, "temp": 128, "token": 0.4645859, "frag_count": 1, "hall": 79, "received_len": 242, "t_start": 204307}
{"delay": 1388, "tries": 0, "t_stop": 207208, "memfree": 82704, "ACK": 0.8367296, "temp": 128, "token": 0.8432138, "frag_count": 1, "hall": 81, "received_len": 242, "t_start": 205820}
{"delay": 1379, "tries": 0, "t_stop": 208716, "memfree": 82704, "ACK": 0.8367296, "temp": 128, "token": 0.9194039, "frag_count": 1, "hall": 81, "received_len": 242, "t_start": 207337}
{"delay": 1389, "tries": 0, "t_stop": 210238, "memfree": 82704, "ACK": 0.8367296, "temp": 128, "token": 0.06790197, "frag_count": 1, "hall": 78, "received_len": 242, "t_start": 208849}
