{"delay": 2469, "tries": 0, "t_stop": 215888, "memfree": 79904, "ACK": 0.9337572, "temp": 128, "token": 0.9676738, "frag_count": 3, "hall": 80, "received_len": 550, "t_start": 213419}
{"delay": 2470, "tries": 0, "t_stop": 219465, "memfree": 79904, "ACK": 0.9337572, "temp": 128, "token": 0.9950609, "frag_count": 3, "hall": 76, "received_len": 550, "t_start": 216995}
{"delay": 2469, "tries": 0, "t_stop": 223053, "memfree": 79904, "ACK": 0.9337572, "temp": 128, "token": 0.2154678, "frag_count": 3, "hall": 79, "received_len": 550, "t_start": 220584}
{"delay": 2470, "tries": 0, "t_stop": 226634, "memfree": 79904, "ACK": 0.9337572, "temp": 128, "token": 0.8912755, "frag_count": 3, "hall": 79, "received_len": 550, "t_start": 224164}
{"delay": 2468, "tries": 0, "t_stop": 230210, "memfree": 79904, "ACK": 0.9337572, "temp": 128, "token": 0.7758671, "frag_count": 3, "hall": 70, "received_len": 550, "t_start": 227742}
{"delay": 2458, "tries": 0, "t_stop": 233792, "memfree": 79904, "ACK": 0.9337572, "temp": 128, "token": 0.75316, "frag_count": 3, "hall": 80, "received_len": 550, "t_start": 231334}
{"delay": 2467, "tries": 0, "t_stop": 237388, "memfree": 79904, "ACK": 0.9337572, "temp": 128, "token": 0.3437085, "frag_count": 3, "hall": 84, "received_len": 550, "t_start": 234921}
{"delay": 2463, "tries": 0, "t_stop": 241400, "memfree": 79904, "ACK": 0.9337572, "temp": 128, "token": 0.3241366, "frag_count": 3, "hall": 80, "received_len": 550, "t_start": 238937}
{"delay": 2469, "tries": 0, "t_stop": 244988, "memfree": 79904, "ACK": 0.9337572, "temp": 128, "token": 0.07781398, "frag_count": 3, "hall": 81, "received_len": 550, "t_start": 242519}
{"delay": 2465, "tries": 0, "t_stop": 249011, "memfree": 79904, "ACK": 0.9337572, "temp": 128, "token": 0.7943915, "frag_count": 3, "hall": 78, "received_len": 550, "t_start": 246546}
{"delay": 2470, "tries": 0, "t_stop": 252607, "memfree": 79904, "ACK": 0.9337572, "temp": 128, "token": 0.9553393, "frag_count": 3, "hall": 74, "received_len": 550, "t_start": 250137}
{"delay": 2471, "tries": 0, "t_stop": 256211, "memfree": 79904, "ACK": 0.9337572, "temp": 128, "token": 0.7056451, "frag_count": 3, "hall": 86, "received_len": 550, "t_start": 253740}
{"delay": 2466, "tries": 0, "t_stop": 260232, "memfree": 79904, "ACK": 0.9337572, "temp": 128, "token": 0.2173378, "frag_count": 3, "hall": 77, "received_len": 550, "t_start": 257767}
{"delay": 2471, "tries": 3, "t_stop": 300600, "memfree": 79904, "ACK": 0.9337572, "temp": 128, "token": 0.9099504, "frag_count": 3, "hall": 80, "received_len": 550, "t_start": 298129}
{"delay": 2463, "tries": 0, "t_stop": 304620, "memfree": 79904, "ACK": 0.9337572, "temp": 128, "token": 0.7240076, "frag_count": 3, "hall": 79, "received_len": 550, "t_start": 302157}
{"delay": 2469, "tries": 1, "t_stop": 320394, "memfree": 79904, "ACK": 0.9337572, "temp": 128, "token": 0.2873026, "frag_count": 3, "hall": 78, "received_len": 550, "t_start": 317925}
{"delay": 2464, "tries": 0, "t_stop": 324410, "memfree": 79904, "ACK": 0.9337572, "temp": 128, "token": 0.6288008, "frag_count": 3, "hall": 87, "received_len": 550, "t_start": 321946}
{"delay": 2469, "tries": 0, "t_stop": 328019, "memfree": 79904, "ACK": 0.9337572, "temp": 128, "token": 0.3523642, "frag_count": 3, "hall": 84, "received_len": 550, "t_start": 325550}
{"delay": 2465, "tries": 0, "t_stop": 332041, "memfree": 79904, "ACK": 0.9337572, "temp": 128, "token": 0.0642035, "frag_count": 3, "hall": 86, "received_len": 550, "t_start": 329576}
{"delay": 2462, "tries": 1, "t_stop": 347787, "memfree": 79904, "ACK": 0.9337572, "temp": 128, "token": 0.2407843, "frag_count": 3, "hall": 78, "received_len": 550, "t_start": 345325}
{"delay": 2470, "tries": 0, "t_stop": 351397, "memfree": 79904, "ACK": 0.9337572, "temp": 128, "token": 0.7318253, "frag_count": 3, "hall": 80, "received_len": 550, "t_start": 348927}
{"delay": 2464, "tries": 0, "t_stop": 355423, "memfree": 79904, "ACK": 0.9337572, "temp": 128, "token": 0.2471466, "frag_count": 3, "hall": 79, "received_len": 550, "t_start": 352959}
{"delay": 2470, "tries": 0, "t_stop": 359449, "memfree": 79904, "ACK": 0.9337572, "temp": 128, "token": 0.2939568, "frag_count": 3, "hall": 85, "received_len": 550, "t_start": 356979}
{"delay": 2464, "tries": 0, "t_stop": 363458, "memfree": 79904, "ACK": 0.9337572, "temp": 128, "token": 0.9191532, "frag_count": 3, "hall": 79, "received_len": 550, "t_start": 360994}
{"delay": 2468, "tries": 0, "t_stop": 367048, "memfree": 79904, "ACK": 0.9337572, "temp": 128, "token": 0.9232741, "frag_count": 3, "hall": 84, "received_len": 550, "t_start": 364580}
{"delay": 2469, "tries": 0, "t_stop": 371056, "memfree": 79888, "ACK": 0.9337572, "temp": 128, "token": 0.009517193, "frag_count": 3, "hall": 84, "received_len": 550, "t_start": 368587}
{"delay": 2464, "tries": 0, "t_stop": 375081, "memfree": 79904, "ACK": 0.9337572, "temp": 128, "token": 0.5189242, "frag_count": 3, "hall": 74, "received_len": 550, "t_start": 372617}
{"delay": 2472, "tries": 0, "t_stop": 378675, "memfree": 79904, "ACK": 0.9337572, "temp": 128, "token": 0.04736054, "frag_count": 3, "hall": 80, "received_len": 550, "t_start": 376203}
{"delay": 2464, "tries": 0, "t_stop": 382690, "memfree": 79904, "ACK": 0.9337572, "temp": 128, "token": 0.2884012, "frag_count": 3, "hall": 76, "received_len": 550, "t_start": 380226}
{"delay": 2468, "tries": 0, "t_stop": 386301, "memfree": 79904, "ACK": 0.9337572, "temp": 128, "token": 0.8308666, "frag_count": 3, "hall": 82, "received_len": 550, "t_start": 383833}
{"delay": 2469, "tries": 0, "t_stop": 389889, "memfree": 79904, "ACK": 0.9337572, "temp": 128, "token": 0.6712829, "frag_count": 3, "hall": 80, "received_len": 550, "t_start": 387420}
{"delay": 2466, "tries": 0, "t_stop": 393914, "memfree": 79904, "ACK": 0.9337572, "temp": 128, "token": 0.3745624, "frag_count": 3, "hall": 79, "received_len": 550, "t_start": 391448}
{"delay": 2463, "tries": 0, "t_stop": 397930, "memfree": 79904, "ACK": 0.9337572, "temp": 128, "token": 0.5853649, "frag_count": 3, "hall": 81, "received_len": 550, "t_start": 395467}
{"delay": 2470, "tries": 0, "t_stop": 401533, "memfree": 79904, "ACK": 0.9337572, "temp": 128, "token": 0.5701443, "frag_count": 3, "hall": 80, "received_len": 550, "t_start": 399063}
{"delay": 2464, "tries": 0, "t_stop": 405561, "memfree": 79904, "ACK": 0.9337572, "temp": 128, "token": 0.7513274, "frag_count": 3, "hall": 76, "received_len": 550, "t_start": 403097}
{"delay": 2461, "tries": 0, "t_stop": 409575, "memfree": 79904, "ACK": 0.9337572, "temp": 128, "token": 0.4215188, "frag_count": 3, "hall": 76, "received_len": 550, "t_start": 407114}
{"delay": 2462, "tries": 0, "t_stop": 413165, "memfree": 79904, "ACK": 0.9337572, "temp": 128, "token": 0.831641, "frag_count": 3, "hall": 82, "received_len": 550, "t_start": 410703}
{"delay": 2470, "tries": 0, "t_stop": 416738, "memfree": 79904, "ACK": 0.9337572, "temp": 128, "token": 0.7986147, "frag_count": 3, "hall": 82, "received_len": 550, "t_start": 414268}
{"delay": 2469, "tries": 0, "t_stop": 420764, "memfree": 79904, "ACK": 0.9337572, "temp": 128, "token": 0.2274843, "frag_count": 3, "hall": 79, "received_len": 550, "t_start": 418295}
{"delay": 2462, "tries": 0, "t_stop": 424788, "memfree": 79904, "ACK": 0.9337572, "temp": 128, "token": 0.9379387, "frag_count": 3, "hall": 78, "received_len": 550, "t_start": 422326}
