{"delay": 1381, "tries": 0, "t_stop": 608201, "memfree": 79888, "ACK": 0.7487298, "temp": 128, "token": 0.7777246, "frag_count": 1, "hall": 80, "received_len": 238, "t_start": 606820}
{"delay": 1369, "tries": 0, "t_stop": 610713, "memfree": 79888, "ACK": 0.7487298, "temp": 128, "token": 0.626834, "frag_count": 1, "hall": 80, "received_len": 238, "t_start": 609344}
{"delay": 1375, "tries": 0, "t_stop": 613240, "memfree": 79888, "ACK": 0.7487298, "temp": 128, "token": 0.4899089, "frag_count": 1, "hall": 74, "received_len": 238, "t_start": 611865}
{"delay": 1375, "tries": 0, "t_stop": 615760, "memfree": 79888, "ACK": 0.7487298, "temp": 128, "token": 0.3869212, "frag_count": 1, "hall": 78, "received_len": 238, "t_start": 614385}
{"delay": 1374, "tries": 0, "t_stop": 618287, "memfree": 79888, "ACK": 0.7487298, "temp": 128, "token": 0.6831838, "frag_count": 1, "hall": 80, "received_len": 238, "t_start": 616913}
{"delay": 1374, "tries": 0, "t_stop": 620818, "memfree": 79888, "ACK": 0.7487298, "temp": 128, "token": 0.3353038, "frag_count": 1, "hall": 82, "received_len": 238, "t_start": 619444}
{"delay": 1368, "tries": 0, "t_stop": 623335, "memfree": 79888, "ACK": 0.7487298, "temp": 128, "token": 0.665132, "frag_count": 1, "hall": 84, "received_len": 238, "t_start": 621967}
{"delay": 1379, "tries": 0, "t_stop": 625873, "memfree": 79872, "ACK": 0.7487298, "temp": 128, "token": 0.005013108, "frag_count": 1, "hall": 82, "received_len": 238, "t_start": 624494}
{"delay": 1372, "tries": 0, "t_stop": 628389, "memfree": 79888, "ACK": 0.7487298, "temp": 128, "token": 0.4555989, "frag_count": 1, "hall": 84, "received_len": 238, "t_start": 627017}
{"delay": 1374, "tries": 0, "t_stop": 630931, "memfree": 79888, "ACK": 0.7487298, "temp": 128, "token": 0.8641095, "frag_count": 1, "hall": 77, "received_len": 238, "t_start": 629557}
{"delay": 1373, "tries": 0, "t_stop": 633470, "memfree": 79888, "ACK": 0.7487298, "temp": 128, "token": 0.3819307, "frag_count": 1, "hall": 83, "received_len": 238, "t_start": 632098}
{"delay": 1375, "tries": 0, "t_stop": 635997, "memfree": 79888, "ACK": 0.7487298, "temp": 128, "token": 0.4728293, "frag_count": 1, "hall": 73, "received_len": 238, "t_start": 634623}
{"delay": 1375, "tries": 0, "t_stop": 638531, "memfree": 79888, "ACK": 0.7487298, "temp": 128, "token": 0.3150705, "frag_count": 1, "hall": 80, "received_len": 238, "t_start": 637156}
{"delay": 1376, "tries": 0, "t_stop": 641071, "memfree": 79888, "ACK": 0.7487298, "temp": 128, "token": 0.1525221, "frag_count": 1, "hall": 80, "received_len": 238, "t_start": 639695}
{"delay": 1375, "tries": 0, "t_stop": 643613, "memfree": 79888, "ACK": 0.7487298, "temp": 128, "token": 0.06591725, "frag_count": 1, "hall": 74, "received_len": 238, "t_start": 642238}
{"delay": 1377, "tries": 0, "t_stop": 646150, "memfree": 79888, "ACK": 0.7487298, "temp": 128, "token": 0.1209804, "frag_count": 1, "hall": 79, "received_len": 238, "t_start": 644773}
{"delay": 1375, "tries": 0, "t_stop": 648672, "memfree": 79888, "ACK": 0.7487298, "temp": 128, "token": 0.6742857, "frag_count": 1, "hall": 80, "received_len": 238, "t_start": 647297}
{"delay": 1376, "tries": 0, "t_stop": 651210, "memfree": 79888, "ACK": 0.7487298, "temp": 128, "token": 0.5028795, "frag_count": 1, "hall": 76, "received_len": 238, "t_start": 649834}
{"delay": 1373, "tries": 0, "t_stop": 653741, "memfree": 79888, "ACK": 0.7487298, "temp": 128, "token": 0.2578226, "frag_count": 1, "hall": 80, "received_len": 238, "t_start": 652368}
{"delay": 1370, "tries": 0, "t_stop": 656274, "memfree": 79888, "ACK": 0.7487298, "temp": 128, "token": 0.351368, "frag_count": 1, "hall": 78, "received_len": 238, "t_start": 654904}
{"delay": 1375, "tries": 0, "t_stop": 658814, "memfree": 79888, "ACK": 0.7487298, "temp": 128, "token": 0.4588388, "frag_count": 1, "hall": 84, "received_len": 238, "t_start": 657439}
{"delay": 1380, "tries": 0, "t_stop": 661353, "memfree": 79888, "ACK": 0.7487298, "temp": 128, "token": 0.4231201, "frag_count": 1, "hall": 83, "received_len": 238, "t_start": 659973}
{"delay": 1371, "tries": 0, "t_stop": 663935, "memfree": 79888, "ACK": 0.7487298, "temp": 128, "token": 0.2407047, "frag_count": 1, "hall": 79, "received_len": 238, "t_start": 662564}
{"delay": 1377, "tries": 0, "t_stop": 666460, "memfree": 79888, "ACK": 0.7487298, "temp": 128, "token": 0.6869276, "frag_count": 1, "hall": 83, "received_len": 238, "t_start": 665083}
{"delay": 1374, "tries": 0, "t_stop": 668990, "memfree": 79888, "ACK": 0.7487298, "temp": 128, "token": 0.09976351, "frag_count": 1, "hall": 77, "received_len": 238, "t_start": 667616}
{"delay": 1377, "tries": 0, "t_stop": 671504, "memfree": 79888, "ACK": 0.7487298, "temp": 128, "token": 0.8216702, "frag_count": 1, "hall": 74, "received_len": 238, "t_start": 670127}
{"delay": 1378, "tries": 0, "t_stop": 674043, "memfree": 79888, "ACK": 0.7487298, "temp": 128, "token": 0.01311874, "frag_count": 1, "hall": 81, "received_len": 238, "t_start": 672665}
{"delay": 1373, "tries": 0, "t_stop": 676562, "memfree": 79888, "ACK": 0.7487298, "temp": 128, "token": 0.3520244, "frag_count": 1, "hall": 79, "received_len": 238, "t_start": 675189}
{"delay": 1374, "tries": 0, "t_stop": 679092, "memfree": 79888, "ACK": 0.7487298, "temp": 128, "token": 0.4591625, "frag_count": 1, "hall": 77, "received_len": 238, "t_start": 677718}
{"delay": 1374, "tries": 0, "t_stop": 681630, "memfree": 79888, "ACK": 0.7487298, "temp": 128, "token": 0.01442683, "frag_count": 1, "hall": 81, "received_len": 238, "t_start": 680256}
{"delay": 1375, "tries": 0, "t_stop": 684171, "memfree": 79888, "ACK": 0.7487298, "temp": 128, "token": 0.5776994, "frag_count": 1, "hall": 83, "received_len": 238, "t_start": 682796}
{"delay": 1376, "tries": 0, "t_stop": 686712, "memfree": 79888, "ACK": 0.7487298, "temp": 128, "token": 0.01059663, "frag_count": 1, "hall": 82, "received_len": 238, "t_start": 685336}
{"delay": 1370, "tries": 0, "t_stop": 689235, "memfree": 79888, "ACK": 0.7487298, "temp": 128, "token": 0.282927, "frag_count": 1, "hall": 82, "received_len": 238, "t_start": 687866}
{"delay": 1368, "tries": 0, "t_stop": 691775, "memfree": 79888, "ACK": 0.7487298, "temp": 128, "token": 0.848173, "frag_count": 1, "hall": 78, "received_len": 238, "t_start": 690407}
{"delay": 1376, "tries": 0, "t_stop": 694323, "memfree": 79888, "ACK": 0.7487298, "temp": 128, "token": 0.03337955, "frag_count": 1, "hall": 83, "received_len": 238, "t_start": 692947}
{"delay": 1376, "tries": 0, "t_stop": 696862, "memfree": 79888, "ACK": 0.7487298, "temp": 128, "token": 0.2877737, "frag_count": 1, "hall": 82, "received_len": 238, "t_start": 695486}
{"delay": 1368, "tries": 0, "t_stop": 699390, "memfree": 79888, "ACK": 0.7487298, "temp": 128, "token": 0.931528, "frag_count": 1, "hall": 77, "received_len": 238, "t_start": 698022}
{"delay": 1375, "tries": 0, "t_stop": 701932, "memfree": 79888, "ACK": 0.7487298, "temp": 128, "token": 0.05076456, "frag_count": 1, "hall": 80, "received_len": 238, "t_start": 700557}
{"delay": 1377, "tries": 0, "t_stop": 704470, "memfree": 79888, "ACK": 0.7487298, "temp": 128, "token": 0.9658602, "frag_count": 1, "hall": 79, "received_len": 238, "t_start": 703094}
{"delay": 1376, "tries": 0, "t_stop": 707002, "memfree": 79888, "ACK": 0.7487298, "temp": 128, "token": 0.07325983, "frag_count": 1, "hall": 83, "received_len": 238, "t_start": 705626}
