{"nonce": 0.8616138, "memfree": 82992, "token": "0.7555675", "t_stop": 3205439, "tries": 0, "delay": 759, "gw": "c44f336ab5c1", "status": 1, "t_start": 3204677}
{"nonce": 0.8616138, "memfree": 82960, "token": "0.429633", "t_stop": 3208465, "tries": 0, "delay": 753, "gw": "c44f336ab5c1", "status": 1, "t_start": 3207708}
{"nonce": 0.8616138, "memfree": 82960, "token": "0.560635", "t_stop": 3211494, "tries": 0, "delay": 753, "gw": "c44f336ab5c1", "status": 1, "t_start": 3210738}
{"nonce": 0.8616138, "memfree": 82928, "token": "0.3259043", "t_stop": 3214521, "tries": 0, "delay": 762, "gw": "c44f336ab5c1", "status": 1, "t_start": 3213756}
{"nonce": 0.8616138, "memfree": 82928, "token": "0.2745724", "t_stop": 3217544, "tries": 0, "delay": 758, "gw": "c44f336ab5c1", "status": 1, "t_start": 3216783}
{"nonce": 0.8616138, "memfree": 82928, "token": "0.1576551", "t_stop": 3220580, "tries": 0, "delay": 758, "gw": "c44f336ab5c1", "status": 1, "t_start": 3219818}
{"nonce": 0.8616138, "memfree": 82928, "token": "0.0692364", "t_stop": 3223611, "tries": 0, "delay": 760, "gw": "c44f336ab5c1", "status": 1, "t_start": 3222848}
{"nonce": 0.8616138, "memfree": 82928, "token": "0.6210941", "t_stop": 3226649, "tries": 0, "delay": 759, "gw": "c44f336ab5c1", "status": 1, "t_start": 3225886}
{"nonce": 0.8616138, "memfree": 82928, "token": "0.1061574", "t_stop": 3229690, "tries": 0, "delay": 759, "gw": "c44f336ab5c1", "status": 1, "t_start": 3228927}
{"nonce": 0.8616138, "memfree": 82928, "token": "0.9937243", "t_stop": 3232719, "tries": 0, "delay": 763, "gw": "c44f336ab5c1", "status": 1, "t_start": 3231953}
{"nonce": 0.8616138, "memfree": 82928, "token": "0.8498352", "t_stop": 3235740, "tries": 0, "delay": 765, "gw": "c44f336ab5c1", "status": 1, "t_start": 3234972}
{"nonce": 0.8616138, "memfree": 82960, "token": "0.4504961", "t_stop": 3238762, "tries": 0, "delay": 759, "gw": "c44f336ab5c1", "status": 1, "t_start": 3238000}
{"nonce": 0.8616138, "memfree": 82960, "token": "0.5469054", "t_stop": 3241793, "tries": 0, "delay": 759, "gw": "c44f336ab5c1", "status": 1, "t_start": 3241030}
{"nonce": 0.8616138, "memfree": 82960, "token": "0.4172984", "t_stop": 3244830, "tries": 0, "delay": 761, "gw": "c44f336ab5c1", "status": 1, "t_start": 3244066}
{"nonce": 0.8616138, "memfree": 82960, "token": "0.3561683", "t_stop": 3247858, "tries": 0, "delay": 764, "gw": "c44f336ab5c1", "status": 1, "t_start": 3247090}
{"nonce": 0.8616138, "memfree": 82992, "token": "0.826316", "t_stop": 3250873, "tries": 0, "delay": 759, "gw": "c44f336ab5c1", "status": 1, "t_start": 3250111}
{"nonce": 0.8616138, "memfree": 82960, "token": "0.2864948", "t_stop": 3253904, "tries": 0, "delay": 760, "gw": "c44f336ab5c1", "status": 1, "t_start": 3253141}
{"nonce": 0.8616138, "memfree": 82992, "token": "0.198698", "t_stop": 3256926, "tries": 0, "delay": 757, "gw": "c44f336ab5c1", "status": 1, "t_start": 3256166}
{"nonce": 0.8616138, "memfree": 82960, "token": "0.1746354", "t_stop": 3259954, "tries": 0, "delay": 768, "gw": "c44f336ab5c1", "status": 1, "t_start": 3259183}
{"nonce": 0.8616138, "memfree": 82960, "token": "0.9284512", "t_stop": 3262983, "tries": 0, "delay": 764, "gw": "c44f336ab5c1", "status": 1, "t_start": 3262215}
{"nonce": 0.8616138, "memfree": 82960, "token": "0.7660793", "t_stop": 3266007, "tries": 0, "delay": 766, "gw": "c44f336ab5c1", "status": 1, "t_start": 3265237}
{"nonce": 0.8616138, "memfree": 82960, "token": "0.06990111", "t_stop": 3269033, "tries": 0, "delay": 766, "gw": "c44f336ab5c1", "status": 1, "t_start": 3268264}
{"nonce": 0.8616138, "memfree": 82960, "token": "0.8198109", "t_stop": 3272052, "tries": 0, "delay": 766, "gw": "c44f336ab5c1", "status": 1, "t_start": 3271283}
{"nonce": 0.8616138, "memfree": 82960, "token": "0.7637449", "t_stop": 3275066, "tries": 0, "delay": 765, "gw": "c44f336ab5c1", "status": 1, "t_start": 3274298}
{"nonce": 0.8616138, "memfree": 82960, "token": "0.3734721", "t_stop": 3278091, "tries": 0, "delay": 765, "gw": "c44f336ab5c1", "status": 1, "t_start": 3277322}
{"nonce": 0.8616138, "memfree": 82960, "token": "0.3618647", "t_stop": 3281116, "tries": 0, "delay": 764, "gw": "c44f336ab5c1", "status": 1, "t_start": 3280349}
{"nonce": 0.8616138, "memfree": 82960, "token": "0.6896195", "t_stop": 3284172, "tries": 0, "delay": 768, "gw": "c44f336ab5c1", "status": 1, "t_start": 3283400}
{"nonce": 0.8616138, "memfree": 82960, "token": "0.3661977", "t_stop": 3287207, "tries": 0, "delay": 760, "gw": "c44f336ab5c1", "status": 1, "t_start": 3286444}
{"nonce": 0.8616138, "memfree": 82960, "token": "0.4335283", "t_stop": 3290242, "tries": 0, "delay": 759, "gw": "c44f336ab5c1", "status": 1, "t_start": 3289479}
{"nonce": 0.8616138, "memfree": 82960, "token": "0.3872646", "t_stop": 3293261, "tries": 0, "delay": 760, "gw": "c44f336ab5c1", "status": 1, "t_start": 3292498}
{"nonce": 0.8616138, "memfree": 82960, "token": "0.9698726", "t_stop": 3296273, "tries": 0, "delay": 763, "gw": "c44f336ab5c1", "status": 1, "t_start": 3295507}
{"nonce": 0.8616138, "memfree": 82960, "token": "0.6718644", "t_stop": 3300166, "tries": 0, "delay": 758, "gw": "c44f336ab5c1", "status": 1, "t_start": 3299405}
{"nonce": 0.8616138, "memfree": 82960, "token": "0.09645975", "t_stop": 3303193, "tries": 0, "delay": 767, "gw": "c44f336ab5c1", "status": 1, "t_start": 3302423}
{"nonce": 0.8616138, "memfree": 82960, "token": "0.1110046", "t_stop": 3306219, "tries": 0, "delay": 758, "gw": "c44f336ab5c1", "status": 1, "t_start": 3305458}
{"nonce": 0.8616138, "memfree": 82960, "token": "0.6238019", "t_stop": 3309247, "tries": 0, "delay": 760, "gw": "c44f336ab5c1", "status": 1, "t_start": 3308484}
{"nonce": 0.8616138, "memfree": 82960, "token": "0.4179874", "t_stop": 3312271, "tries": 0, "delay": 764, "gw": "c44f336ab5c1", "status": 1, "t_start": 3311503}
{"nonce": 0.8616138, "memfree": 82960, "token": "0.4981163", "t_stop": 3315293, "tries": 0, "delay": 765, "gw": "c44f336ab5c1", "status": 1, "t_start": 3314525}
{"nonce": 0.8616138, "memfree": 82960, "token": "0.9173189", "t_stop": 3318312, "tries": 0, "delay": 760, "gw": "c44f336ab5c1", "status": 1, "t_start": 3317548}
{"nonce": 0.8616138, "memfree": 82960, "token": "0.7484106", "t_stop": 3321328, "tries": 0, "delay": 766, "gw": "c44f336ab5c1", "status": 1, "t_start": 3320558}
{"nonce": 0.8616138, "memfree": 82960, "token": "0.3183609", "t_stop": 3324348, "tries": 0, "delay": 765, "gw": "c44f336ab5c1", "status": 1, "t_start": 3323579}
