{"delay": 2968, "tries": 0, "t_stop": 3394414, "memfree": 80112, "ACK": 0.2918001, "temp": 128, "token": 0.5382147, "frag_count": 3, "hall": 84, "received_len": 548, "t_start": 3391446}
{"delay": 2961, "tries": 0, "t_stop": 3398485, "memfree": 80112, "ACK": 0.2918001, "temp": 127, "token": 0.61228, "frag_count": 3, "hall": 75, "received_len": 548, "t_start": 3395524}
{"delay": 2974, "tries": 0, "t_stop": 3402586, "memfree": 80112, "ACK": 0.2918001, "temp": 128, "token": 0.9516388, "frag_count": 3, "hall": 88, "received_len": 548, "t_start": 3399612}
{"delay": 2975, "tries": 0, "t_stop": 3406669, "memfree": 80112, "ACK": 0.2918001, "temp": 127, "token": 0.8568974, "frag_count": 3, "hall": 79, "received_len": 548, "t_start": 3403694}
{"delay": 2979, "tries": 0, "t_stop": 3410769, "memfree": 80112, "ACK": 0.2918001, "temp": 127, "token": 0.5968119, "frag_count": 3, "hall": 80, "received_len": 548, "t_start": 3407790}
{"delay": 2979, "tries": 0, "t_stop": 3414857, "memfree": 80112, "ACK": 0.2918001, "temp": 127, "token": 0.4397088, "frag_count": 3, "hall": 76, "received_len": 548, "t_start": 3411878}
{"delay": 2975, "tries": 0, "t_stop": 3418947, "memfree": 80112, "ACK": 0.2918001, "temp": 127, "token": 0.6077665, "frag_count": 3, "hall": 80, "received_len": 548, "t_start": 3415972}
{"delay": 2979, "tries": 0, "t_stop": 3423057, "memfree": 80112, "ACK": 0.2918001, "temp": 127, "token": 0.1836412, "frag_count": 3, "hall": 81, "received_len": 548, "t_start": 3420078}
{"delay": 2971, "tries": 0, "t_stop": 3427148, "memfree": 80112, "ACK": 0.2918001, "temp": 127, "token": 0.288615, "frag_count": 3, "hall": 83, "received_len": 548, "t_start": 3424177}
{"delay": 2979, "tries": 0, "t_stop": 3431258, "memfree": 80112, "ACK": 0.2918001, "temp": 127, "token": 0.6424972, "frag_count": 3, "hall": 74, "received_len": 548, "t_start": 3428279}
{"delay": 2975, "tries": 0, "t_stop": 3435373, "memfree": 80112, "ACK": 0.2918001, "temp": 127, "token": 0.8594798, "frag_count": 3, "hall": 72, "received_len": 548, "t_start": 3432398}
{"delay": 2975, "tries": 0, "t_stop": 3439470, "memfree": 80112, "ACK": 0.2918001, "temp": 127, "token": 0.8589926, "frag_count": 3, "hall": 88, "received_len": 548, "t_start": 3436495}
{"delay": 2976, "tries": 0, "t_stop": 3443586, "memfree": 80112, "ACK": 0.2918001, "temp": 127, "token": 0.7058833, "frag_count": 3, "hall": 87, "received_len": 548, "t_start": 3440610}
{"delay": 2963, "tries": 1, "t_stop": 3459776, "memfree": 80112, "ACK": 0.2918001, "temp": 127, "token": 0.329374, "frag_count": 3, "hall": 84, "received_len": 548, "t_start": 3456813}
{"delay": 2975, "tries": 0, "t_stop": 3463872, "memfree": 80112, "ACK": 0.2918001, "temp": 127, "token": 0.08888567, "frag_count": 3, "hall": 84, "received_len": 548, "t_start": 3460897}
{"delay": 2975, "tries": 0, "t_stop": 3467971, "memfree": 80112, "ACK": 0.2918001, "temp": 127, "token": 0.4395678, "frag_count": 3, "hall": 78, "received_len": 548, "t_start": 3464996}
{"delay": 2973, "tries": 0, "t_stop": 3472085, "memfree": 80112, "ACK": 0.2918001, "temp": 127, "token": 0.3559705, "frag_count": 3, "hall": 80, "received_len": 548, "t_start": 3469112}
{"delay": 2974, "tries": 0, "t_stop": 3476187, "memfree": 80112, "ACK": 0.2918001, "temp": 127, "token": 0.4475416, "frag_count": 3, "hall": 85, "received_len": 548, "t_start": 3473213}
{"delay": 2973, "tries": 0, "t_stop": 3480300, "memfree": 80112, "ACK": 0.2918001, "temp": 127, "token": 0.5639176, "frag_count": 3, "hall": 79, "received_len": 548, "t_start": 3477327}
{"delay": 2969, "tries": 0, "t_stop": 3484402, "memfree": 80112, "ACK": 0.2918001, "temp": 127, "token": 0.371722, "frag_count": 3, "hall": 85, "received_len": 548, "t_start": 3481433}
{"delay": 2977, "tries": 0, "t_stop": 3488513, "memfree": 80112, "ACK": 0.2918001, "temp": 127, "token": 0.03361642, "frag_count": 3, "hall": 79, "received_len": 548, "t_start": 3485536}
{"delay": 2974, "tries": 0, "t_stop": 3492638, "memfree": 80112, "ACK": 0.2918001, "temp": 127, "token": 0.07588863, "frag_count": 3, "hall": 76, "received_len": 548, "t_start": 3489664}
{"delay": 2974, "tries": 0, "t_stop": 3496814, "memfree": 80112, "ACK": 0.2918001, "temp": 127, "token": 0.0406189, "frag_count": 3, "hall": 76, "received_len": 548, "t_start": 3493840}
{"delay": 2982, "tries": 0, "t_stop": 3500909, "memfree": 80112, "ACK": 0.2918001, "temp": 127, "token": 0.5436125, "frag_count": 3, "hall": 74, "received_len": 548, "t_start": 3497927}
{"delay": 2976, "tries": 0, "t_stop": 3504989, "memfree": 80112, "ACK": 0.2918001, "temp": 127, "token": 0.4448005, "frag_count": 3, "hall": 77, "received_len": 548, "t_start": 3502013}
{"delay": 2977, "tries": 0, "t_stop": 3509085, "memfree": 80112, "ACK": 0.2918001, "temp": 127, "token": 0.3559369, "frag_count": 3, "hall": 77, "received_len": 548, "t_start": 3506108}
{"delay": 2968, "tries": 0, "t_stop": 3513166, "memfree": 80112, "ACK": 0.2918001, "temp": 127, "token": 0.788828, "frag_count": 3, "hall": 79, "received_len": 548, "t_start": 3510198}
{"delay": 2979, "tries": 0, "t_stop": 3517258, "memfree": 80112, "ACK": 0.2918001, "temp": 127, "token": 0.8493128, "frag_count": 3, "hall": 79, "received_len": 548, "t_start": 3514279}
{"delay": 2979, "tries": 0, "t_stop": 3521348, "memfree": 80112, "ACK": 0.2918001, "temp": 127, "token": 0.8290096, "frag_count": 3, "hall": 82, "received_len": 548, "t_start": 3518369}
{"delay": 2967, "tries": 0, "t_stop": 3525441, "memfree": 80112, "ACK": 0.2918001, "temp": 127, "token": 0.758638, "frag_count": 3, "hall": 88, "received_len": 548, "t_start": 3522474}
{"delay": 2973, "tries": 0, "t_stop": 3529531, "memfree": 80112, "ACK": 0.2918001, "temp": 127, "token": 0.4600195, "frag_count": 3, "hall": 79, "received_len": 548, "t_start": 3526558}
{"delay": 2967, "tries": 0, "t_stop": 3534045, "memfree": 80112, "ACK": 0.2918001, "temp": 127, "token": 0.2802336, "frag_count": 3, "hall": 85, "received_len": 548, "t_start": 3531078}
{"delay": 2982, "tries": 0, "t_stop": 3538147, "memfree": 80096, "ACK": 0.2918001, "temp": 127, "token": 0.009069204, "frag_count": 3, "hall": 83, "received_len": 548, "t_start": 3535165}
{"delay": 2980, "tries": 0, "t_stop": 3542247, "memfree": 80112, "ACK": 0.2918001, "temp": 127, "token": 0.9953499, "frag_count": 3, "hall": 76, "received_len": 548, "t_start": 3539267}
{"delay": 2977, "tries": 0, "t_stop": 3546346, "memfree": 80112, "ACK": 0.2918001, "temp": 127, "token": 0.6271796, "frag_count": 3, "hall": 75, "received_len": 548, "t_start": 3543369}
{"delay": 2973, "tries": 0, "t_stop": 3550440, "memfree": 80112, "ACK": 0.2918001, "temp": 127, "token": 0.8962862, "frag_count": 3, "hall": 112, "received_len": 548, "t_start": 3547467}
{"delay": 2969, "tries": 0, "t_stop": 3554558, "memfree": 80112, "ACK": 0.2918001, "temp": 127, "token": 0.357933, "frag_count": 3, "hall": 82, "received_len": 548, "t_start": 3551589}
{"delay": 2974, "tries": 0, "t_stop": 3558659, "memfree": 80112, "ACK": 0.2918001, "temp": 127, "token": 0.2074412, "frag_count": 3, "hall": 78, "received_len": 548, "t_start": 3555685}
{"delay": 2974, "tries": 0, "t_stop": 3563542, "memfree": 80112, "ACK": 0.2918001, "temp": 127, "token": 0.3077192, "frag_count": 3, "hall": 80, "received_len": 548, "t_start": 3560568}
{"delay": 2973, "tries": 0, "t_stop": 3567652, "memfree": 80112, "ACK": 0.2918001, "temp": 127, "token": 0.05191469, "frag_count": 3, "hall": 79, "received_len": 548, "t_start": 3564679}
