{"delay": 1395, "tries": 0, "t_stop": 3329012, "memfree": 82864, "ACK": 0.5555502, "temp": 128, "token": 0.9820661, "frag_count": 1, "hall": 80, "received_len": 242, "t_start": 3327617}
{"delay": 1389, "tries": 0, "t_stop": 3330525, "memfree": 82864, "ACK": 0.5555502, "temp": 128, "token": 0.5101259, "frag_count": 1, "hall": 78, "received_len": 242, "t_start": 3329136}
{"delay": 1386, "tries": 0, "t_stop": 3332043, "memfree": 82864, "ACK": 0.5555502, "temp": 128, "token": 0.4411956, "frag_count": 1, "hall": 91, "received_len": 242, "t_start": 3330657}
{"delay": 1386, "tries": 0, "t_stop": 3333559, "memfree": 82864, "ACK": 0.5555502, "temp": 128, "token": 0.2521039, "frag_count": 1, "hall": 85, "received_len": 242, "t_start": 3332173}
{"delay": 1386, "tries": 0, "t_stop": 3335074, "memfree": 82864, "ACK": 0.5555502, "temp": 128, "token": 0.3372624, "frag_count": 1, "hall": 80, "received_len": 242, "t_start": 3333688}
{"delay": 1389, "tries": 0, "t_stop": 3336583, "memfree": 82864, "ACK": 0.5555502, "temp": 128, "token": 0.1755754, "frag_count": 1, "hall": 79, "received_len": 242, "t_start": 3335194}
{"delay": 1388, "tries": 0, "t_stop": 3338103, "memfree": 82864, "ACK": 0.5555502, "temp": 128, "token": 0.9830896, "frag_count": 1, "hall": 86, "received_len": 242, "t_start": 3336715}
{"delay": 1389, "tries": 0, "t_stop": 3339623, "memfree": 82864, "ACK": 0.5555502, "temp": 128, "token": 0.3195255, "frag_count": 1, "hall": 91, "received_len": 242, "t_start": 3338234}
{"delay": 1388, "tries": 0, "t_stop": 3341147, "memfree": 82864, "ACK": 0.5555502, "temp": 128, "token": 0.8615385, "frag_count": 1, "hall": 76, "received_len": 242, "t_start": 3339759}
{"delay": 1386, "tries": 0, "t_stop": 3342653, "memfree": 82864, "ACK": 0.5555502, "temp": 128, "token": 0.4476168, "frag_count": 1, "hall": 87, "received_len": 242, "t_start": 3341267}
{"delay": 1389, "tries": 0, "t_stop": 3344173, "memfree": 82864, "ACK": 0.5555502, "temp": 128, "token": 0.6428231, "frag_count": 1, "hall": 88, "received_len": 242, "t_start": 3342784}
{"delay": 1390, "tries": 0, "t_stop": 3345688, "memfree": 82864, "ACK": 0.5555502, "temp": 128, "token": 0.5061679, "frag_count": 1, "hall": 80, "received_len": 242, "t_start": 3344298}
{"delay": 1387, "tries": 0, "t_stop": 3347196, "memfree": 82864, "ACK": 0.5555502, "temp": 128, "token": 0.8078356, "frag_count": 1, "hall": 82, "received_len": 242, "t_start": 3345809}
{"delay": 1388, "tries": 0, "t_stop": 3348713, "memfree": 82864, "ACK": 0.5555502, "temp": 128, "token": 0.6687469, "frag_count": 1, "hall": 88, "received_len": 242, "t_start": 3347325}
{"delay": 1379, "tries": 0, "t_stop": 3350227, "memfree": 82864, "ACK": 0.5555502, "temp": 128, "token": 0.212328, "frag_count": 1, "hall": 79, "received_len": 242, "t_start": 3348848}
{"delay": 1386, "tries": 0, "t_stop": 3351740, "memfree": 82864, "ACK": 0.5555502, "temp": 128, "token": 0.7649199, "frag_count": 1, "hall": 90, "received_len": 242, "t_start": 3350354}
{"delay": 1388, "tries": 0, "t_stop": 3353266, "memfree": 82864, "ACK": 0.5555502, "temp": 128, "token": 0.2138165, "frag_count": 1, "hall": 82, "received_len": 242, "t_start": 3351878}
{"delay": 1387, "tries": 0, "t_stop": 3354785, "memfree": 82864, "ACK": 0.5555502, "temp": 128, "token": 0.0144639, "frag_count": 1, "hall": 83, "received_len": 242, "t_start": 3353398}
{"delay": 1387, "tries": 0, "t_stop": 3356305, "memfree": 82864, "ACK": 0.5555502, "temp": 128, "token": 0.4355512, "frag_count": 1, "hall": 88, "received_len": 242, "t_start": 3354918}
{"delay": 1388, "tries": 0, "t_stop": 3357821, "memfree": 82864, "ACK": 0.5555502, "temp": 128, "token": 0.7380647, "frag_count": 1, "hall": 89, "received_len": 242, "t_start": 3356433}
{"delay": 1386, "tries": 0, "t_stop": 3359355, "memfree": 82864, "ACK": 0.5555502, "temp": 128, "token": 0.9128222, "frag_count": 1, "hall": 85, "received_len": 242, "t_start": 3357969}
{"delay": 1386, "tries": 0, "t_stop": 3360883, "memfree": 82864, "ACK": 0.5555502, "temp": 128, "token": 0.1815662, "frag_count": 1, "hall": 86, "received_len": 242, "t_start": 3359497}
{"delay": 1391, "tries": 0, "t_stop": 3362467, "memfree": 82864, "ACK": 0.5555502, "temp": 128, "token": 0.1864499, "frag_count": 1, "hall": 77, "received_len": 242, "t_start": 3361076}
{"delay": 1385, "tries": 0, "t_stop": 3363979, "memfree": 82864, "ACK": 0.5555502, "temp": 128, "token": 0.1420106, "frag_count": 1, "hall": 85, "received_len": 242, "t_start": 3362594}
{"delay": 1388, "tries": 0, "t_stop": 3365504, "memfree": 82864, "ACK": 0.5555502, "temp": 128, "token": 0.8202647, "frag_count": 1, "hall": 77, "received_len": 242, "t_start": 3364116}
{"delay": 1387, "tries": 0, "t_stop": 3367026, "memfree": 82864, "ACK": 0.5555502, "temp": 128, "token": 0.7027178, "frag_count": 1, "hall": 82, "received_len": 242, "t_start": 3365639}
{"delay": 1388, "tries": 0, "t_stop": 3368542, "memfree": 82864, "ACK": 0.5555502, "temp": 128, "token": 0.7083757, "frag_count": 1, "hall": 76, "received_len": 242, "t_start": 3367154}
{"delay": 1389, "tries": 0, "t_stop": 3370062, "memfree": 82864, "ACK": 0.5555502, "temp": 128, "token": 0.3276547, "frag_count": 1, "hall": 86, "received_len": 242, "t_start": 3368673}
{"delay": 1387, "tries": 0, "t_stop": 3371582, "memfree": 82864, "ACK": 0.5555502, "temp": 128, "token": 0.5335972, "frag_count": 1, "hall": 85, "received_len": 242, "t_start": 3370195}
{"delay": 1390, "tries": 0, "t_stop": 3373108, "memfree": 82864, "ACK": 0.5555502, "temp": 128, "token": 0.03633845, "frag_count": 1, "hall": 79, "received_len": 242, "t_start": 3371718}
{"delay": 1386, "tries": 0, "t_stop": 3374611, "memfree": 82864, "ACK": 0.5555502, "temp": 128, "token": 0.2480488, "frag_count": 1, "hall": 80, "received_len": 242, "t_start": 3373225}
{"delay": 1387, "tries": 0, "t_stop": 3376131, "memfree": 82864, "ACK": 0.5555502, "temp": 128, "token": 0.8396138, "frag_count": 1, "hall": 87, "received_len": 242, "t_start": 3374744}
{"delay": 1389, "tries": 0, "t_stop": 3377651, "memfree": 82864, "ACK": 0.5555502, "temp": 128, "token": 0.00899744, "frag_count": 1, "hall": 73, "received_len": 242, "t_start": 3376262}
{"delay": 1389, "tries": 0, "t_stop": 3379165, "memfree": 82864, "ACK": 0.5555502, "temp": 128, "token": 0.8255409, "frag_count": 1, "hall": 84, "received_len": 242, "t_start": 3377776}
{"delay": 1388, "tries": 0, "t_stop": 3380677, "memfree": 82864, "ACK": 0.5555502, "temp": 128, "token": 0.7637906, "frag_count": 1, "hall": 71, "received_len": 242, "t_start": 3379289}
{"delay": 1387, "tries": 0, "t_stop": 3382205, "memfree": 82864, "ACK": 0.5555502, "temp": 128, "token": 0.7312162, "frag_count": 1, "hall": 83, "received_len": 242, "t_start": 3380818}
{"delay": 1387, "tries": 0, "t_stop": 3383714, "memfree": 82864, "ACK": 0.5555502, "temp": 128, "token": 0.6716745, "frag_count": 1, "hall": 87, "received_len": 242, "t_start": 3382327}
{"delay": 1388, "tries": 0, "t_stop": 3385232, "memfree": 82864, "ACK": 0.5555502, "temp": 128, "token": 0.6804206, "frag_count": 1, "hall": 82, "received_len": 242, "t_start": 3383844}
{"delay": 1388, "tries": 0, "t_stop": 3386753, "memfree": 82864, "ACK": 0.5555502, "temp": 128, "token": 0.1139522, "frag_count": 1, "hall": 79, "received_len": 242, "t_start": 3385365}
{"delay": 1388, "tries": 0, "t_stop": 3388275, "memfree": 82864, "ACK": 0.5555502, "temp": 128, "token": 0.9537486, "frag_count": 1, "hall": 74, "received_len": 242, "t_start": 3386887}
