{"delay": 3337, "tries": 1, "t_stop": 3587256, "memfree": 79904, "ACK": 0.2022563, "temp": 127, "token": 0.2785352, "frag_count": 3, "hall": 83, "received_len": 760, "t_start": 3583919}
{"delay": 3333, "tries": 0, "t_stop": 3591779, "memfree": 79904, "ACK": 0.2022563, "temp": 127, "token": 0.7198637, "frag_count": 3, "hall": 86, "received_len": 760, "t_start": 3588446}
{"delay": 3332, "tries": 0, "t_stop": 3596312, "memfree": 79904, "ACK": 0.2022563, "temp": 127, "token": 0.9985213, "frag_count": 3, "hall": 88, "received_len": 760, "t_start": 3592980}
{"delay": 3334, "tries": 0, "t_stop": 3600829, "memfree": 79904, "ACK": 0.2022563, "temp": 127, "token": 0.8352847, "frag_count": 3, "hall": 80, "received_len": 760, "t_start": 3597495}
{"delay": 3328, "tries": 0, "t_stop": 3605366, "memfree": 79904, "ACK": 0.2022563, "temp": 127, "token": 0.681971, "frag_count": 3, "hall": 85, "received_len": 760, "t_start": 3602038}
{"delay": 3331, "tries": 0, "t_stop": 3609897, "memfree": 79904, "ACK": 0.2022563, "temp": 127, "token": 0.1655825, "frag_count": 3, "hall": 83, "received_len": 760, "t_start": 3606566}
{"delay": 3330, "tries": 0, "t_stop": 3614436, "memfree": 79904, "ACK": 0.2022563, "temp": 127, "token": 0.8529262, "frag_count": 3, "hall": 80, "received_len": 760, "t_start": 3611106}
{"delay": 3327, "tries": 0, "t_stop": 3618972, "memfree": 79904, "ACK": 0.2022563, "temp": 127, "token": 0.901123, "frag_count": 3, "hall": 80, "received_len": 760, "t_start": 3615645}
{"delay": 3332, "tries": 0, "t_stop": 3623526, "memfree": 79904, "ACK": 0.2022563, "temp": 127, "token": 0.114995, "frag_count": 3, "hall": 78, "received_len": 760, "t_start": 3620194}
{"delay": 3334, "tries": 0, "t_stop": 3628060, "memfree": 79904, "ACK": 0.2022563, "temp": 127, "token": 0.6616194, "frag_count": 3, "hall": 77, "received_len": 760, "t_start": 3624727}
{"delay": 3331, "tries": 0, "t_stop": 3632587, "memfree": 79904, "ACK": 0.2022563, "temp": 127, "token": 0.1658217, "frag_count": 3, "hall": 88, "received_len": 760, "t_start": 3629256}
{"delay": 3335, "tries": 0, "t_stop": 3637143, "memfree": 79904, "ACK": 0.2022563, "temp": 127, "token": 0.08017862, "frag_count": 3, "hall": 74, "received_len": 760, "t_start": 3633808}
{"delay": 3335, "tries": 0, "t_stop": 3641660, "memfree": 79904, "ACK": 0.2022563, "temp": 127, "token": 0.1285713, "frag_count": 3, "hall": 70, "received_len": 760, "t_start": 3638326}
{"delay": 3333, "tries": 0, "t_stop": 3646198, "memfree": 79904, "ACK": 0.2022563, "temp": 128, "token": 0.7471281, "frag_count": 3, "hall": 87, "received_len": 760, "t_start": 3642865}
{"delay": 3327, "tries": 0, "t_stop": 3650722, "memfree": 79904, "ACK": 0.2022563, "temp": 127, "token": 0.257465, "frag_count": 3, "hall": 69, "received_len": 760, "t_start": 3647395}
{"delay": 3335, "tries": 0, "t_stop": 3655270, "memfree": 79904, "ACK": 0.2022563, "temp": 127, "token": 0.5564152, "frag_count": 3, "hall": 77, "received_len": 760, "t_start": 3651935}
{"delay": 3332, "tries": 0, "t_stop": 3659798, "memfree": 79904, "ACK": 0.2022563, "temp": 128, "token": 0.3397198, "frag_count": 3, "hall": 86, "received_len": 760, "t_start": 3656466}
{"delay": 3335, "tries": 0, "t_stop": 3664331, "memfree": 79904, "ACK": 0.2022563, "temp": 127, "token": 0.2031292, "frag_count": 3, "hall": 80, "received_len": 760, "t_start": 3660996}
{"delay": 3333, "tries": 0, "t_stop": 3668858, "memfree": 79904, "ACK": 0.2022563, "temp": 127, "token": 0.3332363, "frag_count": 3, "hall": 80, "received_len": 760, "t_start": 3665525}
{"delay": 3334, "tries": 0, "t_stop": 3673391, "memfree": 79904, "ACK": 0.2022563, "temp": 127, "token": 0.7327931, "frag_count": 3, "hall": 79, "received_len": 760, "t_start": 3670057}
{"delay": 3333, "tries": 0, "t_stop": 3677928, "memfree": 79904, "ACK": 0.2022563, "temp": 127, "token": 0.7384427, "frag_count": 3, "hall": 79, "received_len": 760, "t_start": 3674595}
{"delay": 3338, "tries": 0, "t_stop": 3682474, "memfree": 79904, "ACK": 0.2022563, "temp": 127, "token": 0.1198215, "frag_count": 3, "hall": 77, "received_len": 760, "t_start": 3679136}
{"delay": 3340, "tries": 0, "t_stop": 3687008, "memfree": 79904, "ACK": 0.2022563, "temp": 128, "token": 0.0272181, "frag_count": 3, "hall": 81, "received_len": 760, "t_start": 3683668}
{"delay": 3333, "tries": 0, "t_stop": 3691543, "memfree": 79904, "ACK": 0.2022563, "temp": 128, "token": 0.2766163, "frag_count": 3, "hall": 81, "received_len": 760, "t_start": 3688210}
{"delay": 3339, "tries": 0, "t_stop": 3696085, "memfree": 79904, "ACK": 0.2022563, "temp": 128, "token": 0.8860291, "frag_count": 3, "hall": 78, "received_len": 760, "t_start": 3692746}
{"delay": 3335, "tries": 0, "t_stop": 3700631, "memfree": 79904, "ACK": 0.2022563, "temp": 128, "token": 0.05418539, "frag_count": 3, "hall": 80, "received_len": 760, "t_start": 3697296}
{"delay": 3332, "tries": 0, "t_stop": 3705160, "memfree": 79904, "ACK": 0.2022563, "temp": 128, "token": 0.6449732, "frag_count": 3, "hall": 78, "received_len": 760, "t_start": 3701828}
{"delay": 3338, "tries": 0, "t_stop": 3709717, "memfree": 79904, "ACK": 0.2022563, "temp": 127, "token": 0.6058541, "frag_count": 3, "hall": 78, "received_len": 760, "t_start": 3706379}
{"delay": 3334, "tries": 0, "t_stop": 3714238, "memfree": 79904, "ACK": 0.2022563, "temp": 127, "token": 0.9822742, "frag_count": 3, "hall": 84, "received_len": 760, "t_start": 3710904}
{"delay": 3333, "tries": 0, "t_stop": 3718769, "memfree": 79904, "ACK": 0.2022563, "temp": 127, "token": 0.3252931, "frag_count": 3, "hall": 74, "received_len": 760, "t_start": 3715436}
{"delay": 3333, "tries": 0, "t_stop": 3723299, "memfree": 79904, "ACK": 0.2022563, "temp": 127, "token": 0.5716753, "frag_count": 3, "hall": 77, "received_len": 760, "t_start": 3719966}
{"delay": 3327, "tries": 0, "t_stop": 3727832, "memfree": 79904, "ACK": 0.2022563, "temp": 127, "token": 0.304875, "frag_count": 3, "hall": 85, "received_len": 760, "t_start": 3724505}
{"delay": 3336, "tries": 0, "t_stop": 3732370, "memfree": 79904, "ACK": 0.2022563, "temp": 127, "token": 0.5711477, "frag_count": 3, "hall": 82, "received_len": 760, "t_start": 3729034}
{"delay": 3332, "tries": 0, "t_stop": 3736908, "memfree": 79904, "ACK": 0.2022563, "temp": 127, "token": 0.7558119, "frag_count": 3, "hall": 83, "received_len": 760, "t_start": 3733576}
{"delay": 3335, "tries": 0, "t_stop": 3741444, "memfree": 79904, "ACK": 0.2022563, "temp": 127, "token": 0.7819008, "frag_count": 3, "hall": 76, "received_len": 760, "t_start": 3738109}
{"delay": 3329, "tries": 0, "t_stop": 3745976, "memfree": 79904, "ACK": 0.2022563, "temp": 127, "token": 0.819799, "frag_count": 3, "hall": 80, "received_len": 760, "t_start": 3742647}
{"delay": 3333, "tries": 0, "t_stop": 3750512, "memfree": 79904, "ACK": 0.2022563, "temp": 128, "token": 0.8414335, "frag_count": 3, "hall": 85, "received_len": 760, "t_start": 3747179}
{"delay": 3327, "tries": 0, "t_stop": 3755043, "memfree": 79904, "ACK": 0.2022563, "temp": 128, "token": 0.331899, "frag_count": 3, "hall": 82, "received_len": 760, "t_start": 3751716}
{"delay": 3332, "tries": 0, "t_stop": 3759569, "memfree": 79904, "ACK": 0.2022563, "temp": 128, "token": 0.7808038, "frag_count": 3, "hall": 86, "received_len": 760, "t_start": 3756237}
{"delay": 3333, "tries": 0, "t_stop": 3764099, "memfree": 79904, "ACK": 0.2022563, "temp": 127, "token": 0.7404145, "frag_count": 3, "hall": 79, "received_len": 760, "t_start": 3760766}
