{"delay": 1374, "tries": 0, "t_stop": 3769692, "memfree": 80096, "ACK": 0.1767575, "temp": 127, "token": 0.2737367, "frag_count": 1, "hall": 76, "received_len": 238, "t_start": 3768318}
{"delay": 1373, "tries": 0, "t_stop": 3772220, "memfree": 80096, "ACK": 0.1767575, "temp": 127, "token": 0.1925346, "frag_count": 1, "hall": 72, "received_len": 238, "t_start": 3770847}
{"delay": 1376, "tries": 0, "t_stop": 3774744, "memfree": 80096, "ACK": 0.1767575, "temp": 127, "token": 0.4349746, "frag_count": 1, "hall": 80, "received_len": 238, "t_start": 3773368}
{"delay": 1375, "tries": 0, "t_stop": 3777267, "memfree": 80096, "ACK": 0.1767575, "temp": 128, "token": 0.2291713, "frag_count": 1, "hall": 82, "received_len": 238, "t_start": 3775892}
{"delay": 1379, "tries": 0, "t_stop": 3779786, "memfree": 80096, "ACK": 0.1767575, "temp": 128, "token": 0.3841888, "frag_count": 1, "hall": 76, "received_len": 238, "t_start": 3778407}
{"delay": 1375, "tries": 0, "t_stop": 3782314, "memfree": 80096, "ACK": 0.1767575, "temp": 128, "token": 0.6510916, "frag_count": 1, "hall": 74, "received_len": 238, "t_start": 3780939}
{"delay": 1376, "tries": 0, "t_stop": 3784839, "memfree": 80096, "ACK": 0.1767575, "temp": 128, "token": 0.7087121, "frag_count": 1, "hall": 82, "received_len": 238, "t_start": 3783464}
{"delay": 1369, "tries": 0, "t_stop": 3787335, "memfree": 80096, "ACK": 0.1767575, "temp": 128, "token": 0.34006, "frag_count": 1, "hall": 81, "received_len": 238, "t_start": 3785966}
{"delay": 1374, "tries": 0, "t_stop": 3789858, "memfree": 80096, "ACK": 0.1767575, "temp": 127, "token": 0.3645927, "frag_count": 1, "hall": 77, "received_len": 238, "t_start": 3788484}
{"delay": 1380, "tries": 0, "t_stop": 3792379, "memfree": 80032, "ACK": 0.1767575, "temp": 127, "token": 0.9977343, "frag_count": 1, "hall": 80, "received_len": 238, "t_start": 3790999}
{"delay": 1377, "tries": 0, "t_stop": 3794899, "memfree": 80032, "ACK": 0.1767575, "temp": 128, "token": 0.4924393, "frag_count": 1, "hall": 76, "received_len": 238, "t_start": 3793522}
{"delay": 1383, "tries": 0, "t_stop": 3797410, "memfree": 80032, "ACK": 0.1767575, "temp": 127, "token": 0.3294089, "frag_count": 1, "hall": 74, "received_len": 238, "t_start": 3796027}
{"delay": 1375, "tries": 0, "t_stop": 3799938, "memfree": 80032, "ACK": 0.1767575, "temp": 127, "token": 0.8174391, "frag_count": 1, "hall": 81, "received_len": 238, "t_start": 3798563}
{"delay": 1383, "tries": 0, "t_stop": 3802458, "memfree": 80032, "ACK": 0.1767575, "temp": 127, "token": 0.9228741, "frag_count": 1, "hall": 83, "received_len": 238, "t_start": 3801075}
{"delay": 1382, "tries": 0, "t_stop": 3804976, "memfree": 80032, "ACK": 0.1767575, "temp": 127, "token": 0.9897079, "frag_count": 1, "hall": 85, "received_len": 238, "t_start": 3803594}
{"delay": 1383, "tries": 0, "t_stop": 3807498, "memfree": 80032, "ACK": 0.1767575, "temp": 127, "token": 0.02421677, "frag_count": 1, "hall": 85, "received_len": 238, "t_start": 3806115}
{"delay": 1380, "tries": 0, "t_stop": 3810020, "memfree": 80016, "ACK": 0.1767575, "temp": 128, "token": 0.3159374, "frag_count": 1, "hall": 78, "received_len": 238, "t_start": 3808640}
{"delay": 1381, "tries": 0, "t_stop": 3812550, "memfree": 80016, "ACK": 0.1767575, "temp": 127, "token": 0.5974231, "frag_count": 1, "hall": 82, "received_len": 238, "t_start": 3811169}
{"delay": 1383, "tries": 0, "t_stop": 3815082, "memfree": 80016, "ACK": 0.1767575, "temp": 128, "token": 0.9953821, "frag_count": 1, "hall": 72, "received_len": 238, "t_start": 3813699}
{"delay": 1382, "tries": 0, "t_stop": 3817620, "memfree": 80016, "ACK": 0.1767575, "temp": 128, "token": 0.2391877, "frag_count": 1, "hall": 69, "received_len": 238, "t_start": 3816239}
{"delay": 1383, "tries": 0, "t_stop": 3820138, "memfree": 80016, "ACK": 0.1767575, "temp": 128, "token": 0.3738546, "frag_count": 1, "hall": 79, "received_len": 238, "t_start": 3818755}
{"delay": 1381, "tries": 0, "t_stop": 3822670, "memfree": 80016, "ACK": 0.1767575, "temp": 128, "token": 0.4468933, "frag_count": 1, "hall": 86, "received_len": 238, "t_start": 3821289}
{"delay": 1380, "tries": 0, "t_stop": 3825237, "memfree": 80016, "ACK": 0.1767575, "temp": 128, "token": 0.05187404, "frag_count": 1, "hall": 80, "received_len": 238, "t_start": 3823857}
{"delay": 1381, "tries": 0, "t_stop": 3827748, "memfree": 80016, "ACK": 0.1767575, "temp": 128, "token": 0.2485955, "frag_count": 1, "hall": 84, "received_len": 238, "t_start": 3826367}
{"delay": 1381, "tries": 0, "t_stop": 3830274, "memfree": 80000, "ACK": 0.1767575, "temp": 128, "token": 0.007766247, "frag_count": 1, "hall": 91, "received_len": 238, "t_start": 3828893}
{"delay": 1375, "tries": 0, "t_stop": 3832791, "memfree": 80016, "ACK": 0.1767575, "temp": 128, "token": 0.1939397, "frag_count": 1, "hall": 81, "received_len": 238, "t_start": 3831416}
{"delay": 1380, "tries": 0, "t_stop": 3835307, "memfree": 80016, "ACK": 0.1767575, "temp": 128, "token": 0.9798237, "frag_count": 1, "hall": 84, "received_len": 238, "t_start": 3833927}
{"delay": 1376, "tries": 0, "t_stop": 3837829, "memfree": 80016, "ACK": 0.1767575, "temp": 128, "token": 0.8918123, "frag_count": 1, "hall": 85, "received_len": 238, "t_start": 3836453}
{"delay": 1379, "tries": 0, "t_stop": 3840335, "memfree": 80016, "ACK": 0.1767575, "temp": 128, "token": 0.9137918, "frag_count": 1, "hall": 75, "received_len": 238, "t_start": 3838956}
{"delay": 1382, "tries": 0, "t_stop": 3842858, "memfree": 80016, "ACK": 0.1767575, "temp": 128, "token": 0.4848363, "frag_count": 1, "hall": 81, "received_len": 238, "t_start": 3841476}
{"delay": 1381, "tries": 0, "t_stop": 3845366, "memfree": 80016, "ACK": 0.1767575, "temp": 128, "token": 0.3760284, "frag_count": 1, "hall": 83, "received_len": 238, "t_start": 3843985}
{"delay": 1383, "tries": 0, "t_stop": 3847889, "memfree": 80016, "ACK": 0.1767575, "temp": 128, "token": 0.3538169, "frag_count": 1, "hall": 80, "received_len": 238, "t_start": 3846506}
{"delay": 1382, "tries": 0, "t_stop": 3850399, "memfree": 80016, "ACK": 0.1767575, "temp": 128, "token": 0.07423627, "frag_count": 1, "hall": 84, "received_len": 238, "t_start": 3849017}
{"delay": 1381, "tries": 0, "t_stop": 3852918, "memfree": 80016, "ACK": 0.1767575, "temp": 128, "token": 0.7625822, "frag_count": 1, "hall": 79, "received_len": 238, "t_start": 3851537}
{"delay": 1376, "tries": 0, "t_stop": 3855449, "memfree": 80016, "ACK": 0.1767575, "temp": 128, "token": 0.6478579, "frag_count": 1, "hall": 81, "received_len": 238, "t_start": 3854073}
{"delay": 1381, "tries": 0, "t_stop": 3857958, "memfree": 80016, "ACK": 0.1767575, "temp": 128, "token": 0.5781066, "frag_count": 1, "hall": 83, "received_len": 238, "t_start": 3856577}
{"delay": 1382, "tries": 0, "t_stop": 3860477, "memfree": 80016, "ACK": 0.1767575, "temp": 128, "token": 0.8188056, "frag_count": 1, "hall": 81, "received_len": 238, "t_start": 3859095}
{"delay": 1373, "tries": 1, "t_stop": 3875110, "memfree": 80016, "ACK": 0.1767575, "temp": 128, "token": 0.5269327, "frag_count": 1, "hall": 85, "received_len": 238, "t_start": 3873737}
{"delay": 1370, "tries": 0, "t_stop": 3877636, "memfree": 80016, "ACK": 0.1767575, "temp": 127, "token": 0.649866, "frag_count": 1, "hall": 77, "received_len": 238, "t_start": 3876266}
{"delay": 1380, "tries": 0, "t_stop": 3880168, "memfree": 80016, "ACK": 0.1767575, "temp": 128, "token": 0.5885381, "frag_count": 1, "hall": 75, "received_len": 238, "t_start": 3878788}
