{"delay": 3339, "tries": 0, "t_stop": 12453, "memfree": 81728, "ACK": 0.7310957, "temp": 126, "token": 0.5880843, "frag_count": 3, "hall": 75, "received_len": 760, "t_start": 9114}
{"delay": 3334, "tries": 0, "t_stop": 17002, "memfree": 81728, "ACK": 0.7310957, "temp": 126, "token": 0.1694578, "frag_count": 3, "hall": 90, "received_len": 760, "t_start": 13669}
{"delay": 3335, "tries": 0, "t_stop": 21554, "memfree": 81728, "ACK": 0.7310957, "temp": 126, "token": 0.4742627, "frag_count": 3, "hall": 82, "received_len": 760, "t_start": 18219}
{"delay": 3331, "tries": 0, "t_stop": 26079, "memfree": 81728, "ACK": 0.7310957, "temp": 126, "token": 0.1552371, "frag_count": 3, "hall": 77, "received_len": 760, "t_start": 22748}
{"delay": 3332, "tries": 0, "t_stop": 30618, "memfree": 81728, "ACK": 0.7310957, "temp": 126, "token": 0.9459277, "frag_count": 3, "hall": 79, "received_len": 760, "t_start": 27286}
{"delay": 3335, "tries": 0, "t_stop": 35163, "memfree": 81728, "ACK": 0.7310957, "temp": 126, "token": 0.9361914, "frag_count": 3, "hall": 80, "received_len": 760, "t_start": 31828}
{"delay": 3332, "tries": 0, "t_stop": 39689, "memfree": 81728, "ACK": 0.7310957, "temp": 126, "token": 0.6943994, "frag_count": 3, "hall": 78, "received_len": 760, "t_start": 36357}
{"delay": 3334, "tries": 0, "t_stop": 44237, "memfree": 81728, "ACK": 0.7310957, "temp": 126, "token": 0.6444067, "frag_count": 3, "hall": 75, "received_len": 760, "t_start": 40903}
{"delay": 3334, "tries": 0, "t_stop": 48777, "memfree": 81728, "ACK": 0.7310957, "temp": 126, "token": 0.1041074, "frag_count": 3, "hall": 77, "received_len": 760, "t_start": 45443}
{"delay": 3336, "tries": 0, "t_stop": 53301, "memfree": 81728, "ACK": 0.7310957, "temp": 126, "token": 0.5259338, "frag_count": 3, "hall": 74, "received_len": 760, "t_start": 49965}
{"delay": 3333, "tries": 0, "t_stop": 57837, "memfree": 81728, "ACK": 0.7310957, "temp": 126, "token": 0.0973488, "frag_count": 3, "hall": 71, "received_len": 760, "t_start": 54504}
{"delay": 3336, "tries": 0, "t_stop": 62381, "memfree": 81728, "ACK": 0.7310957, "temp": 126, "token": 0.9650097, "frag_count": 3, "hall": 82, "received_len": 760, "t_start": 59045}
{"delay": 3341, "tries": 1, "t_stop": 79038, "memfree": 81728, "ACK": 0.7310957, "temp": 126, "token": 0.7522458, "frag_count": 3, "hall": 83, "received_len": 760, "t_start": 75697}
{"delay": 3338, "tries": 0, "t_stop": 83575, "memfree": 81728, "ACK": 0.7310957, "temp": 126, "token": 0.3943577, "frag_count": 3, "hall": 77, "received_len": 760, "t_start": 80237}
{"delay": 3339, "tries": 1, "t_stop": 100227, "memfree": 81728, "ACK": 0.7310957, "temp": 126, "token": 0.4616398, "frag_count": 3, "hall": 72, "received_len": 760, "t_start": 96888}
{"delay": 3335, "tries": 0, "t_stop": 104778, "memfree": 81728, "ACK": 0.7310957, "temp": 126, "token": 0.2350568, "frag_count": 3, "hall": 79, "received_len": 760, "t_start": 101443}
{"delay": 3332, "tries": 0, "t_stop": 109298, "memfree": 81728, "ACK": 0.7310957, "temp": 126, "token": 0.9246647, "frag_count": 3, "hall": 74, "received_len": 760, "t_start": 105966}
{"delay": 3337, "tries": 0, "t_stop": 113844, "memfree": 81728, "ACK": 0.7310957, "temp": 126, "token": 0.9744874, "frag_count": 3, "hall": 88, "received_len": 760, "t_start": 110507}
{"delay": 3334, "tries": 0, "t_stop": 118370, "memfree": 81728, "ACK": 0.7310957, "temp": 126, "token": 0.6311309, "frag_count": 3, "hall": 71, "received_len": 760, "t_start": 115036}
{"delay": 3336, "tries": 0, "t_stop": 122913, "memfree": 81728, "ACK": 0.7310957, "temp": 126, "token": 0.1469847, "frag_count": 3, "hall": 83, "received_len": 760, "t_start": 119577}
{"delay": 3335, "tries": 0, "t_stop": 127452, "memfree": 81728, "ACK": 0.7310957, "temp": 126, "token": 0.9906898, "frag_count": 3, "hall": 81, "received_len": 760, "t_start": 124117}
{"delay": 3337, "tries": 1, "t_stop": 144104, "memfree": 81728, "ACK": 0.7310957, "temp": 126, "token": 0.8754254, "frag_count": 3, "hall": 84, "received_len": 760, "t_start": 140767}
{"delay": 3339, "tries": 0, "t_stop": 148662, "memfree": 81728, "ACK": 0.7310957, "temp": 126, "token": 0.9406847, "frag_count": 3, "hall": 80, "received_len": 760, "t_start": 145323}
{"delay": 3331, "tries": 0, "t_stop": 153199, "memfree": 81728, "ACK": 0.7310957, "temp": 126, "token": 0.6088314, "frag_count": 3, "hall": 80, "received_len": 760, "t_start": 149868}
{"delay": 3334, "tries": 0, "t_stop": 157753, "memfree": 81728, "ACK": 0.7310957, "temp": 126, "token": 0.8101023, "frag_count": 3, "hall": 88, "received_len": 760, "t_start": 154419}
{"delay": 3336, "tries": 0, "t_stop": 162293, "memfree": 81728, "ACK": 0.7310957, "temp": 126, "token": 0.2523091, "frag_count": 3, "hall": 82, "received_len": 760, "t_start": 158957}
{"delay": 3327, "tries": 0, "t_stop": 166813, "memfree": 81728, "ACK": 0.7310957, "temp": 126, "token": 0.906907, "frag_count": 3, "hall": 78, "received_len": 760, "t_start": 163486}
{"delay": 3335, "tries": 0, "t_stop": 171367, "memfree": 81728, "ACK": 0.7310957, "temp": 126, "token": 0.8619155, "frag_count": 3, "hall": 86, "received_len": 760, "t_start": 168032}
{"delay": 3335, "tries": 0, "t_stop": 175921, "memfree": 81728, "ACK": 0.7310957, "temp": 126, "token": 0.5298625, "frag_count": 3, "hall": 87, "received_len": 760, "t_start": 172586}
{"delay": 3332, "tries": 0, "t_stop": 180470, "memfree": 81728, "ACK": 0.7310957, "temp": 126, "token": 0.2436997, "frag_count": 3, "hall": 83, "received_len": 760, "t_start": 177138}
{"delay": 3333, "tries": 0, "t_stop": 185017, "memfree": 81728, "ACK": 0.7310957, "temp": 126, "token": 0.2182599, "frag_count": 3, "hall": 79, "received_len": 760, "t_start": 181684}
{"delay": 3323, "tries": 0, "t_stop": 189558, "memfree": 81728, "ACK": 0.7310957, "temp": 126, "token": 0.67211, "frag_count": 3, "hall": 83, "received_len": 760, "t_start": 186236}
{"delay": 3335, "tries": 0, "t_stop": 194110, "memfree": 81728, "ACK": 0.7310957, "temp": 126, "token": 0.4371203, "frag_count": 3, "hall": 76, "received_len": 760, "t_start": 190775}
{"delay": 3335, "tries": 0, "t_stop": 198641, "memfree": 81728, "ACK": 0.7310957, "temp": 126, "token": 0.4920935, "frag_count": 3, "hall": 90, "received_len": 760, "t_start": 195306}
{"delay": 3333, "tries": 0, "t_stop": 203176, "memfree": 81728, "ACK": 0.7310957, "temp": 126, "token": 0.7085208, "frag_count": 3, "hall": 65, "received_len": 760, "t_start": 199843}
{"delay": 3332, "tries": 0, "t_stop": 207719, "memfree": 81728, "ACK": 0.7310957, "temp": 126, "token": 0.5822774, "frag_count": 3, "hall": 82, "received_len": 760, "t_start": 204387}
{"delay": 3331, "tries": 0, "t_stop": 212260, "memfree": 81728, "ACK": 0.7310957, "temp": 126, "token": 0.2109782, "frag_count": 3, "hall": 82, "received_len": 760, "t_start": 208929}
{"delay": 3335, "tries": 0, "t_stop": 216792, "memfree": 81728, "ACK": 0.7310957, "temp": 126, "token": 0.6585948, "frag_count": 3, "hall": 69, "received_len": 760, "t_start": 213457}
{"delay": 3334, "tries": 0, "t_stop": 221328, "memfree": 81728, "ACK": 0.7310957, "temp": 126, "token": 0.3966475, "frag_count": 3, "hall": 90, "received_len": 760, "t_start": 217994}
{"delay": 3340, "tries": 1, "t_stop": 237967, "memfree": 81728, "ACK": 0.7310957, "temp": 126, "token": 0.7038618, "frag_count": 3, "hall": 85, "received_len": 760, "t_start": 234627}
