{"delay": 2464, "tries": 0, "t_stop": 237871, "memfree": 79888, "ACK": 0.4190705, "temp": 127, "token": 0.7096153, "frag_count": 3, "hall": 77, "received_len": 550, "t_start": 235407}
{"delay": 2469, "tries": 0, "t_stop": 241457, "memfree": 79888, "ACK": 0.4190705, "temp": 127, "token": 0.3514689, "frag_count": 3, "hall": 81, "received_len": 550, "t_start": 238988}
{"delay": 2461, "tries": 0, "t_stop": 245459, "memfree": 79888, "ACK": 0.4190705, "temp": 127, "token": 0.6939251, "frag_count": 3, "hall": 79, "received_len": 550, "t_start": 242998}
{"delay": 2462, "tries": 0, "t_stop": 249046, "memfree": 79888, "ACK": 0.4190705, "temp": 127, "token": 0.2066829, "frag_count": 3, "hall": 78, "received_len": 550, "t_start": 246584}
{"delay": 2468, "tries": 0, "t_stop": 252637, "memfree": 79888, "ACK": 0.4190705, "temp": 127, "token": 0.7778288, "frag_count": 3, "hall": 82, "received_len": 550, "t_start": 250169}
{"delay": 2458, "tries": 0, "t_stop": 256654, "memfree": 79888, "ACK": 0.4190705, "temp": 127, "token": 0.8010651, "frag_count": 3, "hall": 81, "received_len": 550, "t_start": 254196}
{"delay": 2469, "tries": 0, "t_stop": 260267, "memfree": 79888, "ACK": 0.4190705, "temp": 127, "token": 0.6297275, "frag_count": 3, "hall": 72, "received_len": 550, "t_start": 257798}
{"delay": 2466, "tries": 0, "t_stop": 264661, "memfree": 79888, "ACK": 0.4190705, "temp": 127, "token": 0.953076, "frag_count": 3, "hall": 82, "received_len": 550, "t_start": 262195}
{"delay": 2465, "tries": 0, "t_stop": 268244, "memfree": 79888, "ACK": 0.4190705, "temp": 127, "token": 0.236457, "frag_count": 3, "hall": 75, "received_len": 550, "t_start": 265779}
{"delay": 2464, "tries": 1, "t_stop": 283938, "memfree": 79888, "ACK": 0.4190705, "temp": 127, "token": 0.2638726, "frag_count": 3, "hall": 78, "received_len": 550, "t_start": 281474}
{"delay": 2469, "tries": 0, "t_stop": 287518, "memfree": 79888, "ACK": 0.4190705, "temp": 127, "token": 0.2889086, "frag_count": 3, "hall": 70, "received_len": 550, "t_start": 285049}
{"delay": 2463, "tries": 3, "t_stop": 327513, "memfree": 79936, "ACK": 0.4190705, "temp": 127, "token": 0.7685626, "frag_count": 3, "hall": 81, "received_len": 550, "t_start": 325050}
{"delay": 2469, "tries": 0, "t_stop": 331107, "memfree": 79904, "ACK": 0.4190705, "temp": 127, "token": 0.5853356, "frag_count": 3, "hall": 74, "received_len": 550, "t_start": 328638}
{"delay": 2463, "tries": 0, "t_stop": 334728, "memfree": 79904, "ACK": 0.4190705, "temp": 127, "token": 0.8127836, "frag_count": 3, "hall": 77, "received_len": 550, "t_start": 332265}
{"delay": 2471, "tries": 0, "t_stop": 338317, "memfree": 79904, "ACK": 0.4190705, "temp": 127, "token": 0.08748568, "frag_count": 3, "hall": 84, "received_len": 550, "t_start": 335846}
{"delay": 2469, "tries": 2, "t_stop": 366185, "memfree": 79904, "ACK": 0.4190705, "temp": 127, "token": 0.0955677, "frag_count": 3, "hall": 81, "received_len": 550, "t_start": 363716}
{"delay": 2469, "tries": 0, "t_stop": 369793, "memfree": 79904, "ACK": 0.4190705, "temp": 127, "token": 0.3877097, "frag_count": 3, "hall": 83, "received_len": 550, "t_start": 367324}
{"delay": 2467, "tries": 0, "t_stop": 373394, "memfree": 79904, "ACK": 0.4190705, "temp": 127, "token": 0.5733619, "frag_count": 3, "hall": 81, "received_len": 550, "t_start": 370927}
{"delay": 2463, "tries": 0, "t_stop": 376992, "memfree": 79920, "ACK": 0.4190705, "temp": 127, "token": 0.748117, "frag_count": 3, "hall": 82, "received_len": 550, "t_start": 374529}
{"delay": 2464, "tries": 1, "t_stop": 392743, "memfree": 79920, "ACK": 0.4190705, "temp": 127, "token": 0.3473457, "frag_count": 3, "hall": 84, "received_len": 550, "t_start": 390279}
{"delay": 2459, "tries": 1, "t_stop": 408446, "memfree": 79920, "ACK": 0.4190705, "temp": 127, "token": 0.186098, "frag_count": 3, "hall": 79, "received_len": 550, "t_start": 405987}
{"delay": 2466, "tries": 0, "t_stop": 412071, "memfree": 79920, "ACK": 0.4190705, "temp": 127, "token": 0.3570096, "frag_count": 3, "hall": 79, "received_len": 550, "t_start": 409605}
{"delay": 2471, "tries": 0, "t_stop": 415731, "memfree": 79920, "ACK": 0.4190705, "temp": 127, "token": 0.1077707, "frag_count": 3, "hall": 81, "received_len": 550, "t_start": 413260}
{"delay": 2464, "tries": 0, "t_stop": 419731, "memfree": 79920, "ACK": 0.4190705, "temp": 127, "token": 0.1392349, "frag_count": 3, "hall": 85, "received_len": 550, "t_start": 417267}
{"delay": 2465, "tries": 0, "t_stop": 423292, "memfree": 79920, "ACK": 0.4190705, "temp": 127, "token": 0.626854, "frag_count": 3, "hall": 91, "received_len": 550, "t_start": 420827}
{"delay": 2465, "tries": 0, "t_stop": 426861, "memfree": 79920, "ACK": 0.4190705, "temp": 127, "token": 0.638653, "frag_count": 3, "hall": 84, "received_len": 550, "t_start": 424396}
{"delay": 2469, "tries": 0, "t_stop": 430441, "memfree": 79920, "ACK": 0.4190705, "temp": 127, "token": 0.3880595, "frag_count": 3, "hall": 85, "received_len": 550, "t_start": 427972}
{"delay": 2471, "tries": 0, "t_stop": 434040, "memfree": 79920, "ACK": 0.4190705, "temp": 127, "token": 0.3063729, "frag_count": 3, "hall": 91, "received_len": 550, "t_start": 431569}
{"delay": 2463, "tries": 1, "t_stop": 449769, "memfree": 79920, "ACK": 0.4190705, "temp": 127, "token": 0.7380399, "frag_count": 3, "hall": 82, "received_len": 550, "t_start": 447306}
{"delay": 2468, "tries": 0, "t_stop": 453353, "memfree": 79920, "ACK": 0.4190705, "temp": 127, "token": 0.8297329, "frag_count": 3, "hall": 83, "received_len": 550, "t_start": 450885}
{"delay": 2463, "tries": 2, "t_stop": 481185, "memfree": 79920, "ACK": 0.4190705, "temp": 127, "token": 0.1843954, "frag_count": 3, "hall": 85, "received_len": 550, "t_start": 478722}
{"delay": 2471, "tries": 1, "t_stop": 496885, "memfree": 79936, "ACK": 0.4190705, "temp": 127, "token": 0.5966701, "frag_count": 3, "hall": 76, "received_len": 550, "t_start": 494414}
{"delay": 2469, "tries": 0, "t_stop": 500466, "memfree": 79904, "ACK": 0.4190705, "temp": 127, "token": 0.1578031, "frag_count": 3, "hall": 83, "received_len": 550, "t_start": 497997}
{"delay": 2469, "tries": 0, "t_stop": 504047, "memfree": 79904, "ACK": 0.4190705, "temp": 127, "token": 0.2949988, "frag_count": 3, "hall": 86, "received_len": 550, "t_start": 501578}
{"delay": 2471, "tries": 0, "t_stop": 620470, "memfree": 79936, "ACK": 0.4190705, "temp": 127, "token": 0.4032784, "frag_count": 3, "hall": 88, "received_len": 550, "t_start": 617999}
{"delay": 2471, "tries": 0, "t_stop": 624070, "memfree": 79904, "ACK": 0.4190705, "temp": 127, "token": 0.0495882, "frag_count": 3, "hall": 87, "received_len": 550, "t_start": 621599}
{"delay": 2465, "tries": 3, "t_stop": 922518, "memfree": 79904, "ACK": 0.4190705, "temp": 126, "token": 0.140283, "frag_count": 3, "hall": 72, "received_len": 550, "t_start": 920053}
