{"delay": 1380, "tries": 0, "t_stop": 243565, "memfree": 81920, "ACK": 0.8508333, "temp": 126, "token": 0.2879075, "frag_count": 1, "hall": 77, "received_len": 238, "t_start": 242185}
{"delay": 1385, "tries": 0, "t_stop": 246105, "memfree": 81920, "ACK": 0.8508333, "temp": 127, "token": 0.1740154, "frag_count": 1, "hall": 78, "received_len": 238, "t_start": 244720}
{"delay": 1382, "tries": 0, "t_stop": 248660, "memfree": 81920, "ACK": 0.8508333, "temp": 126, "token": 0.3838211, "frag_count": 1, "hall": 85, "received_len": 238, "t_start": 247278}
{"delay": 1385, "tries": 0, "t_stop": 251188, "memfree": 81920, "ACK": 0.8508333, "temp": 126, "token": 0.2173066, "frag_count": 1, "hall": 83, "received_len": 238, "t_start": 249803}
{"delay": 1381, "tries": 1, "t_stop": 265843, "memfree": 81920, "ACK": 0.8508333, "temp": 126, "token": 0.3450736, "frag_count": 1, "hall": 85, "received_len": 238, "t_start": 264462}
{"delay": 1385, "tries": 0, "t_stop": 268364, "memfree": 81920, "ACK": 0.8508333, "temp": 126, "token": 0.8338946, "frag_count": 1, "hall": 78, "received_len": 238, "t_start": 266979}
{"delay": 1383, "tries": 0, "t_stop": 270882, "memfree": 81920, "ACK": 0.8508333, "temp": 126, "token": 0.3377062, "frag_count": 1, "hall": 79, "received_len": 238, "t_start": 269499}
{"delay": 1385, "tries": 0, "t_stop": 273413, "memfree": 81920, "ACK": 0.8508333, "temp": 126, "token": 0.7123783, "frag_count": 1, "hall": 82, "received_len": 238, "t_start": 272028}
{"delay": 1387, "tries": 0, "t_stop": 275932, "memfree": 81920, "ACK": 0.8508333, "temp": 126, "token": 0.1818818, "frag_count": 1, "hall": 75, "received_len": 238, "t_start": 274545}
{"delay": 1386, "tries": 1, "t_stop": 290563, "memfree": 81920, "ACK": 0.8508333, "temp": 126, "token": 0.1933296, "frag_count": 1, "hall": 78, "received_len": 238, "t_start": 289177}
{"delay": 1387, "tries": 0, "t_stop": 293073, "memfree": 81920, "ACK": 0.8508333, "temp": 126, "token": 0.03339696, "frag_count": 1, "hall": 87, "received_len": 238, "t_start": 291686}
{"delay": 1384, "tries": 0, "t_stop": 295593, "memfree": 81920, "ACK": 0.8508333, "temp": 126, "token": 0.9260309, "frag_count": 1, "hall": 76, "received_len": 238, "t_start": 294209}
{"delay": 1386, "tries": 0, "t_stop": 298123, "memfree": 81920, "ACK": 0.8508333, "temp": 126, "token": 0.9357761, "frag_count": 1, "hall": 82, "received_len": 238, "t_start": 296737}
{"delay": 1387, "tries": 0, "t_stop": 300675, "memfree": 81920, "ACK": 0.8508333, "temp": 126, "token": 0.8781698, "frag_count": 1, "hall": 89, "received_len": 238, "t_start": 299288}
{"delay": 1375, "tries": 1, "t_stop": 315343, "memfree": 81920, "ACK": 0.8508333, "temp": 126, "token": 0.1139423, "frag_count": 1, "hall": 84, "received_len": 238, "t_start": 313968}
{"delay": 1388, "tries": 0, "t_stop": 317885, "memfree": 81920, "ACK": 0.8508333, "temp": 126, "token": 0.8411621, "frag_count": 1, "hall": 74, "received_len": 238, "t_start": 316497}
{"delay": 1386, "tries": 0, "t_stop": 320411, "memfree": 81920, "ACK": 0.8508333, "temp": 126, "token": 0.7127639, "frag_count": 1, "hall": 79, "received_len": 238, "t_start": 319025}
{"delay": 1385, "tries": 0, "t_stop": 322942, "memfree": 81920, "ACK": 0.8508333, "temp": 126, "token": 0.9740615, "frag_count": 1, "hall": 79, "received_len": 238, "t_start": 321557}
{"delay": 1387, "tries": 0, "t_stop": 325475, "memfree": 81920, "ACK": 0.8508333, "temp": 126, "token": 0.1312155, "frag_count": 1, "hall": 87, "received_len": 238, "t_start": 324088}
{"delay": 1386, "tries": 0, "t_stop": 328882, "memfree": 81920, "ACK": 0.8508333, "temp": 127, "token": 0.9624166, "frag_count": 1, "hall": 73, "received_len": 238, "t_start": 327496}
{"delay": 1386, "tries": 1, "t_stop": 343563, "memfree": 81920, "ACK": 0.8508333, "temp": 126, "token": 0.2815114, "frag_count": 1, "hall": 82, "received_len": 238, "t_start": 342177}
{"delay": 1387, "tries": 0, "t_stop": 346086, "memfree": 81920, "ACK": 0.8508333, "temp": 126, "token": 0.01574516, "frag_count": 1, "hall": 84, "received_len": 238, "t_start": 344699}
{"delay": 1381, "tries": 0, "t_stop": 348660, "memfree": 81920, "ACK": 0.8508333, "temp": 126, "token": 0.3248248, "frag_count": 1, "hall": 83, "received_len": 238, "t_start": 347279}
{"delay": 1386, "tries": 0, "t_stop": 351189, "memfree": 81920, "ACK": 0.8508333, "temp": 126, "token": 0.2555792, "frag_count": 1, "hall": 77, "received_len": 238, "t_start": 349803}
{"delay": 1386, "tries": 0, "t_stop": 353715, "memfree": 81920, "ACK": 0.8508333, "temp": 126, "token": 0.3804175, "frag_count": 1, "hall": 84, "received_len": 238, "t_start": 352329}
{"delay": 1387, "tries": 0, "t_stop": 356240, "memfree": 81920, "ACK": 0.8508333, "temp": 126, "token": 0.4444664, "frag_count": 1, "hall": 81, "received_len": 238, "t_start": 354853}
{"delay": 1386, "tries": 0, "t_stop": 358744, "memfree": 81920, "ACK": 0.8508333, "temp": 126, "token": 0.2169683, "frag_count": 1, "hall": 82, "received_len": 238, "t_start": 357358}
{"delay": 1386, "tries": 0, "t_stop": 361253, "memfree": 81920, "ACK": 0.8508333, "temp": 126, "token": 0.2896663, "frag_count": 1, "hall": 86, "received_len": 238, "t_start": 359867}
{"delay": 1388, "tries": 0, "t_stop": 363766, "memfree": 81920, "ACK": 0.8508333, "temp": 126, "token": 0.4239171, "frag_count": 1, "hall": 78, "received_len": 238, "t_start": 362378}
{"delay": 1386, "tries": 0, "t_stop": 366285, "memfree": 81920, "ACK": 0.8508333, "temp": 126, "token": 0.04998887, "frag_count": 1, "hall": 82, "received_len": 238, "t_start": 364899}
{"delay": 1388, "tries": 0, "t_stop": 368815, "memfree": 81904, "ACK": 0.8508333, "temp": 126, "token": 0.009151101, "frag_count": 1, "hall": 81, "received_len": 238, "t_start": 367428}