{"nonce": 0.7482176, "memfree": 82992, "token": "0.7633223", "t_stop": 1664924, "tries": 0, "delay": 763, "gw": "c44f336ab5c1", "status": 1, "t_start": 1664158}
{"nonce": 0.7482176, "memfree": 82928, "token": "0.3458341", "t_stop": 1667938, "tries": 0, "delay": 759, "gw": "c44f336ab5c1", "status": 1, "t_start": 1667176}
{"nonce": 0.7482176, "memfree": 82928, "token": "0.6438416", "t_stop": 1670959, "tries": 0, "delay": 758, "gw": "c44f336ab5c1", "status": 1, "t_start": 1670197}
{"nonce": 0.7482176, "memfree": 82928, "token": "0.8332443", "t_stop": 1673982, "tries": 0, "delay": 760, "gw": "c44f336ab5c1", "status": 1, "t_start": 1673218}
{"nonce": 0.7482176, "memfree": 82928, "token": "0.7739279", "t_stop": 1676996, "tries": 0, "delay": 764, "gw": "c44f336ab5c1", "status": 1, "t_start": 1676229}
{"nonce": 0.7482176, "memfree": 82928, "token": "0.8446913", "t_stop": 1680017, "tries": 0, "delay": 760, "gw": "c44f336ab5c1", "status": 1, "t_start": 1679254}
{"nonce": 0.7482176, "memfree": 82928, "token": "0.05634165", "t_stop": 1683062, "tries": 0, "delay": 760, "gw": "c44f336ab5c1", "status": 1, "t_start": 1682298}
{"nonce": 0.7482176, "memfree": 82960, "token": "0.8655771", "t_stop": 1686078, "tries": 0, "delay": 765, "gw": "c44f336ab5c1", "status": 1, "t_start": 1685310}
{"nonce": 0.7482176, "memfree": 82960, "token": "0.7258008", "t_stop": 1689097, "tries": 0, "delay": 763, "gw": "c44f336ab5c1", "status": 1, "t_start": 1688330}
{"nonce": 0.7482176, "memfree": 82960, "token": "0.3526959", "t_stop": 1692111, "tries": 0, "delay": 765, "gw": "c44f336ab5c1", "status": 1, "t_start": 1691343}
{"nonce": 0.7482176, "memfree": 82960, "token": "0.4456377", "t_stop": 1695130, "tries": 0, "delay": 765, "gw": "c44f336ab5c1", "status": 1, "t_start": 1694362}
{"nonce": 0.7482176, "memfree": 82960, "token": "0.9376719", "t_stop": 1698153, "tries": 0, "delay": 765, "gw": "c44f336ab5c1", "status": 1, "t_start": 1697384}
{"nonce": 0.7482176, "memfree": 82960, "token": "0.04292464", "t_stop": 1701175, "tries": 0, "delay": 765, "gw": "c44f336ab5c1", "status": 1, "t_start": 1700406}
{"nonce": 0.7482176, "memfree": 82960, "token": "0.6968863", "t_stop": 1704206, "tries": 0, "delay": 766, "gw": "c44f336ab5c1", "status": 1, "t_start": 1703436}
{"nonce": 0.7482176, "memfree": 82960, "token": "0.0185008", "t_stop": 1707226, "tries": 0, "delay": 765, "gw": "c44f336ab5c1", "status": 1, "t_start": 1706458}
{"nonce": 0.7482176, "memfree": 82960, "token": "0.6304168", "t_stop": 1710239, "tries": 0, "delay": 764, "gw": "c44f336ab5c1", "status": 1, "t_start": 1709472}
{"nonce": 0.7482176, "memfree": 82960, "token": "0.7771327", "t_stop": 1713268, "tries": 0, "delay": 764, "gw": "c44f336ab5c1", "status": 1, "t_start": 1712500}
{"nonce": 0.7482176, "memfree": 82960, "token": "0.3873026", "t_stop": 1716284, "tries": 0, "delay": 765, "gw": "c44f336ab5c1", "status": 1, "t_start": 1715515}
{"nonce": 0.7482176, "memfree": 82960, "token": "0.1205447", "t_stop": 1719299, "tries": 0, "delay": 762, "gw": "c44f336ab5c1", "status": 1, "t_start": 1718534}
{"nonce": 0.7482176, "memfree": 82960, "token": "0.4372921", "t_stop": 1722333, "tries": 0, "delay": 758, "gw": "c44f336ab5c1", "status": 1, "t_start": 1721571}
{"nonce": 0.7482176, "memfree": 82960, "token": "0.3991719", "t_stop": 1725365, "tries": 0, "delay": 765, "gw": "c44f336ab5c1", "status": 1, "t_start": 1724596}
{"nonce": 0.7482176, "memfree": 82960, "token": "0.5522118", "t_stop": 1728388, "tries": 0, "delay": 765, "gw": "c44f336ab5c1", "status": 1, "t_start": 1727620}
{"nonce": 0.7482176, "memfree": 82960, "token": "0.01146865", "t_stop": 1731400, "tries": 0, "delay": 764, "gw": "c44f336ab5c1", "status": 1, "t_start": 1730632}
{"nonce": 0.7482176, "memfree": 82960, "token": "0.2547526", "t_stop": 1734422, "tries": 0, "delay": 766, "gw": "c44f336ab5c1", "status": 1, "t_start": 1733653}
{"nonce": 0.7482176, "memfree": 82960, "token": "0.5346684", "t_stop": 1737440, "tries": 0, "delay": 765, "gw": "c44f336ab5c1", "status": 1, "t_start": 1736672}
{"nonce": 0.7482176, "memfree": 82960, "token": "0.7328776", "t_stop": 1740456, "tries": 0, "delay": 765, "gw": "c44f336ab5c1", "status": 1, "t_start": 1739687}
{"nonce": 0.7482176, "memfree": 82960, "token": "0.5195083", "t_stop": 1743485, "tries": 0, "delay": 764, "gw": "c44f336ab5c1", "status": 1, "t_start": 1742717}
{"nonce": 0.7482176, "memfree": 82960, "token": "0.7341904", "t_stop": 1746510, "tries": 0, "delay": 759, "gw": "c44f336ab5c1", "status": 1, "t_start": 1745747}
{"nonce": 0.7482176, "memfree": 83008, "token": "0.42267", "t_stop": 1749517, "tries": 0, "delay": 757, "gw": "c44f336ab5c1", "status": 1, "t_start": 1748757}
{"nonce": 0.7482176, "memfree": 82960, "token": "0.5209354", "t_stop": 1752546, "tries": 0, "delay": 760, "gw": "c44f336ab5c1", "status": 1, "t_start": 1751783}
{"nonce": 0.7482176, "memfree": 82960, "token": "0.8127679", "t_stop": 1755565, "tries": 0, "delay": 764, "gw": "c44f336ab5c1", "status": 1, "t_start": 1754797}
{"nonce": 0.7482176, "memfree": 82960, "token": "0.7103419", "t_stop": 1758591, "tries": 0, "delay": 758, "gw": "c44f336ab5c1", "status": 1, "t_start": 1757830}
{"nonce": 0.7482176, "memfree": 82960, "token": "0.02010357", "t_stop": 1761622, "tries": 0, "delay": 761, "gw": "c44f336ab5c1", "status": 1, "t_start": 1760858}
{"nonce": 0.7482176, "memfree": 82960, "token": "0.8831039", "t_stop": 1764647, "tries": 0, "delay": 759, "gw": "c44f336ab5c1", "status": 1, "t_start": 1763885}
{"nonce": 0.7482176, "memfree": 82848, "token": "0.6708122", "t_stop": 1767674, "tries": 0, "delay": 765, "gw": "c44f336ab5c1", "status": 1, "t_start": 1766905}
{"nonce": 0.7482176, "memfree": 82848, "token": "0.3657128", "t_stop": 1770693, "tries": 0, "delay": 764, "gw": "c44f336ab5c1", "status": 1, "t_start": 1769926}
{"nonce": 0.7482176, "memfree": 82848, "token": "0.6760291", "t_stop": 1773713, "tries": 0, "delay": 765, "gw": "c44f336ab5c1", "status": 1, "t_start": 1772944}
{"nonce": 0.7482176, "memfree": 82848, "token": "0.8904529", "t_stop": 1776732, "tries": 0, "delay": 759, "gw": "c44f336ab5c1", "status": 1, "t_start": 1775970}
{"nonce": 0.7482176, "memfree": 82848, "token": "0.6626171", "t_stop": 1779771, "tries": 0, "delay": 759, "gw": "c44f336ab5c1", "status": 1, "t_start": 1779008}
{"nonce": 0.7482176, "memfree": 82848, "token": "0.7809106", "t_stop": 1782809, "tries": 0, "delay": 758, "gw": "c44f336ab5c1", "status": 1, "t_start": 1782047}
