{"delay": 2968, "tries": 0, "t_stop": 1854004, "memfree": 79984, "ACK": 0.2610993, "temp": 128, "token": 0.9506939, "frag_count": 3, "hall": 78, "received_len": 550, "t_start": 1851036}
{"delay": 2975, "tries": 0, "t_stop": 1858094, "memfree": 79984, "ACK": 0.2610993, "temp": 128, "token": 0.6117221, "frag_count": 3, "hall": 82, "received_len": 550, "t_start": 1855119}
{"delay": 2981, "tries": 0, "t_stop": 1862190, "memfree": 79984, "ACK": 0.2610993, "temp": 128, "token": 0.8584379, "frag_count": 3, "hall": 76, "received_len": 550, "t_start": 1859209}
{"delay": 2980, "tries": 0, "t_stop": 1866289, "memfree": 79984, "ACK": 0.2610993, "temp": 128, "token": 0.7419204, "frag_count": 3, "hall": 91, "received_len": 550, "t_start": 1863309}
{"delay": 2977, "tries": 0, "t_stop": 1870376, "memfree": 79984, "ACK": 0.2610993, "temp": 128, "token": 0.3893241, "frag_count": 3, "hall": 81, "received_len": 550, "t_start": 1867399}
{"delay": 2976, "tries": 1, "t_stop": 1886542, "memfree": 79984, "ACK": 0.2610993, "temp": 128, "token": 0.5273238, "frag_count": 3, "hall": 80, "received_len": 550, "t_start": 1883566}
{"delay": 2972, "tries": 0, "t_stop": 1891059, "memfree": 79984, "ACK": 0.2610993, "temp": 128, "token": 0.08388483, "frag_count": 3, "hall": 84, "received_len": 550, "t_start": 1888087}
{"delay": 2974, "tries": 0, "t_stop": 1895140, "memfree": 79984, "ACK": 0.2610993, "temp": 128, "token": 0.1532615, "frag_count": 3, "hall": 84, "received_len": 550, "t_start": 1892166}
{"delay": 2980, "tries": 0, "t_stop": 1899228, "memfree": 79984, "ACK": 0.2610993, "temp": 128, "token": 0.0302341, "frag_count": 3, "hall": 90, "received_len": 550, "t_start": 1896248}
{"delay": 2963, "tries": 0, "t_stop": 1903312, "memfree": 79984, "ACK": 0.2610993, "temp": 128, "token": 0.95372, "frag_count": 3, "hall": 82, "received_len": 550, "t_start": 1900349}
{"delay": 2976, "tries": 0, "t_stop": 1907419, "memfree": 79984, "ACK": 0.2610993, "temp": 128, "token": 0.2110713, "frag_count": 3, "hall": 87, "received_len": 550, "t_start": 1904443}
{"delay": 2976, "tries": 0, "t_stop": 1911510, "memfree": 79984, "ACK": 0.2610993, "temp": 128, "token": 0.02795398, "frag_count": 3, "hall": 83, "received_len": 550, "t_start": 1908534}
{"delay": 2976, "tries": 0, "t_stop": 1915601, "memfree": 79984, "ACK": 0.2610993, "temp": 128, "token": 0.7196709, "frag_count": 3, "hall": 81, "received_len": 550, "t_start": 1912625}
{"delay": 2976, "tries": 0, "t_stop": 1919709, "memfree": 79984, "ACK": 0.2610993, "temp": 128, "token": 0.03600824, "frag_count": 3, "hall": 76, "received_len": 550, "t_start": 1916733}
{"delay": 2976, "tries": 0, "t_stop": 1923833, "memfree": 79984, "ACK": 0.2610993, "temp": 128, "token": 0.1219015, "frag_count": 3, "hall": 87, "received_len": 550, "t_start": 1920857}
{"delay": 2977, "tries": 0, "t_stop": 1927943, "memfree": 79984, "ACK": 0.2610993, "temp": 128, "token": 0.5161084, "frag_count": 3, "hall": 76, "received_len": 550, "t_start": 1924966}
{"delay": 2983, "tries": 0, "t_stop": 1932050, "memfree": 79984, "ACK": 0.2610993, "temp": 128, "token": 0.7056007, "frag_count": 3, "hall": 89, "received_len": 550, "t_start": 1929067}
{"delay": 2976, "tries": 0, "t_stop": 1936156, "memfree": 79984, "ACK": 0.2610993, "temp": 128, "token": 0.03189659, "frag_count": 3, "hall": 80, "received_len": 550, "t_start": 1933180}
{"delay": 2980, "tries": 0, "t_stop": 1940279, "memfree": 79984, "ACK": 0.2610993, "temp": 128, "token": 0.04075778, "frag_count": 3, "hall": 82, "received_len": 550, "t_start": 1937299}
{"delay": 2975, "tries": 0, "t_stop": 1944381, "memfree": 79984, "ACK": 0.2610993, "temp": 128, "token": 0.6783415, "frag_count": 3, "hall": 83, "received_len": 550, "t_start": 1941406}
{"delay": 2968, "tries": 0, "t_stop": 1948896, "memfree": 79984, "ACK": 0.2610993, "temp": 128, "token": 0.8621048, "frag_count": 3, "hall": 79, "received_len": 550, "t_start": 1945928}
{"delay": 2980, "tries": 0, "t_stop": 1953020, "memfree": 79984, "ACK": 0.2610993, "temp": 128, "token": 0.4014077, "frag_count": 3, "hall": 76, "received_len": 550, "t_start": 1950040}
{"delay": 2975, "tries": 0, "t_stop": 1957189, "memfree": 79984, "ACK": 0.2610993, "temp": 128, "token": 0.1194835, "frag_count": 3, "hall": 87, "received_len": 550, "t_start": 1954214}
{"delay": 2979, "tries": 0, "t_stop": 1961276, "memfree": 79984, "ACK": 0.2610993, "temp": 128, "token": 0.4301653, "frag_count": 3, "hall": 85, "received_len": 550, "t_start": 1958297}
{"delay": 2981, "tries": 0, "t_stop": 1965379, "memfree": 79984, "ACK": 0.2610993, "temp": 128, "token": 0.4045522, "frag_count": 3, "hall": 83, "received_len": 550, "t_start": 1962398}
{"delay": 2981, "tries": 0, "t_stop": 1969470, "memfree": 79984, "ACK": 0.2610993, "temp": 128, "token": 0.1576935, "frag_count": 3, "hall": 81, "received_len": 550, "t_start": 1966489}
{"delay": 2975, "tries": 0, "t_stop": 1973538, "memfree": 79984, "ACK": 0.2610993, "temp": 128, "token": 0.5155346, "frag_count": 3, "hall": 84, "received_len": 550, "t_start": 1970564}
{"delay": 2977, "tries": 0, "t_stop": 1977619, "memfree": 79984, "ACK": 0.2610993, "temp": 128, "token": 0.8356373, "frag_count": 3, "hall": 81, "received_len": 550, "t_start": 1974642}
{"delay": 2977, "tries": 0, "t_stop": 1981725, "memfree": 79984, "ACK": 0.2610993, "temp": 128, "token": 0.4379306, "frag_count": 3, "hall": 85, "received_len": 550, "t_start": 1978748}
{"delay": 2976, "tries": 0, "t_stop": 1985821, "memfree": 79984, "ACK": 0.2610993, "temp": 128, "token": 0.3009604, "frag_count": 3, "hall": 83, "received_len": 550, "t_start": 1982845}
{"delay": 2977, "tries": 0, "t_stop": 1989923, "memfree": 79984, "ACK": 0.2610993, "temp": 128, "token": 0.8321219, "frag_count": 3, "hall": 85, "received_len": 550, "t_start": 1986946}
{"delay": 2974, "tries": 0, "t_stop": 1994010, "memfree": 79984, "ACK": 0.2610993, "temp": 128, "token": 0.6288944, "frag_count": 3, "hall": 89, "received_len": 550, "t_start": 1991036}
{"delay": 2973, "tries": 0, "t_stop": 1998112, "memfree": 79984, "ACK": 0.2610993, "temp": 128, "token": 0.8832985, "frag_count": 3, "hall": 75, "received_len": 550, "t_start": 1995139}
{"delay": 2976, "tries": 0, "t_stop": 2002236, "memfree": 79984, "ACK": 0.2610993, "temp": 128, "token": 0.1846185, "frag_count": 3, "hall": 80, "received_len": 550, "t_start": 1999260}
{"delay": 2969, "tries": 0, "t_stop": 2006755, "memfree": 79984, "ACK": 0.2610993, "temp": 128, "token": 0.6994313, "frag_count": 3, "hall": 80, "received_len": 550, "t_start": 2003786}
{"delay": 2976, "tries": 0, "t_stop": 2010843, "memfree": 79984, "ACK": 0.2610993, "temp": 128, "token": 0.6220883, "frag_count": 3, "hall": 90, "received_len": 550, "t_start": 2007867}
{"delay": 2976, "tries": 0, "t_stop": 2014969, "memfree": 79984, "ACK": 0.2610993, "temp": 128, "token": 0.0753603, "frag_count": 3, "hall": 86, "received_len": 550, "t_start": 2011993}
{"delay": 2976, "tries": 0, "t_stop": 2019072, "memfree": 79984, "ACK": 0.2610993, "temp": 128, "token": 0.07824397, "frag_count": 3, "hall": 90, "received_len": 550, "t_start": 2016096}
{"delay": 2978, "tries": 0, "t_stop": 2023186, "memfree": 79984, "ACK": 0.2610993, "temp": 128, "token": 0.5636787, "frag_count": 3, "hall": 88, "received_len": 550, "t_start": 2020208}
{"delay": 2969, "tries": 0, "t_stop": 2027711, "memfree": 79984, "ACK": 0.2610993, "temp": 128, "token": 0.5176377, "frag_count": 3, "hall": 85, "received_len": 550, "t_start": 2024742}
