{"delay": 1395, "tries": 0, "t_stop": 1787483, "memfree": 82752, "ACK": 0.5405277, "temp": 128, "token": 0.4157294, "frag_count": 1, "hall": 86, "received_len": 242, "t_start": 1786088}
{"delay": 1390, "tries": 0, "t_stop": 1788997, "memfree": 82752, "ACK": 0.5405277, "temp": 128, "token": 0.6470735, "frag_count": 1, "hall": 87, "received_len": 242, "t_start": 1787607}
{"delay": 1389, "tries": 0, "t_stop": 1790504, "memfree": 82752, "ACK": 0.5405277, "temp": 128, "token": 0.0669173, "frag_count": 1, "hall": 81, "received_len": 242, "t_start": 1789115}
{"delay": 1387, "tries": 0, "t_stop": 1792023, "memfree": 82752, "ACK": 0.5405277, "temp": 128, "token": 0.5008515, "frag_count": 1, "hall": 78, "received_len": 242, "t_start": 1790636}
{"delay": 1388, "tries": 0, "t_stop": 1793540, "memfree": 82752, "ACK": 0.5405277, "temp": 128, "token": 0.2934973, "frag_count": 1, "hall": 84, "received_len": 242, "t_start": 1792152}
{"delay": 1390, "tries": 0, "t_stop": 1795056, "memfree": 82752, "ACK": 0.5405277, "temp": 128, "token": 0.1125009, "frag_count": 1, "hall": 80, "received_len": 242, "t_start": 1793666}
{"delay": 1389, "tries": 0, "t_stop": 1796577, "memfree": 82752, "ACK": 0.5405277, "temp": 128, "token": 0.4132844, "frag_count": 1, "hall": 87, "received_len": 242, "t_start": 1795188}
{"delay": 1387, "tries": 0, "t_stop": 1798084, "memfree": 82752, "ACK": 0.5405277, "temp": 128, "token": 0.9336291, "frag_count": 1, "hall": 82, "received_len": 242, "t_start": 1796698}
{"delay": 1387, "tries": 0, "t_stop": 1799600, "memfree": 82752, "ACK": 0.5405277, "temp": 128, "token": 0.1495161, "frag_count": 1, "hall": 81, "received_len": 242, "t_start": 1798213}
{"delay": 1389, "tries": 0, "t_stop": 1801127, "memfree": 82752, "ACK": 0.5405277, "temp": 128, "token": 0.8524394, "frag_count": 1, "hall": 81, "received_len": 242, "t_start": 1799738}
{"delay": 1387, "tries": 0, "t_stop": 1802641, "memfree": 82752, "ACK": 0.5405277, "temp": 128, "token": 0.06208825, "frag_count": 1, "hall": 86, "received_len": 242, "t_start": 1801254}
{"delay": 1390, "tries": 0, "t_stop": 1804163, "memfree": 82752, "ACK": 0.5405277, "temp": 128, "token": 0.7986438, "frag_count": 1, "hall": 83, "received_len": 242, "t_start": 1802773}
{"delay": 1386, "tries": 0, "t_stop": 1805694, "memfree": 82752, "ACK": 0.5405277, "temp": 128, "token": 0.1430379, "frag_count": 1, "hall": 83, "received_len": 242, "t_start": 1804308}
{"delay": 1388, "tries": 0, "t_stop": 1807215, "memfree": 82752, "ACK": 0.5405277, "temp": 128, "token": 0.5826237, "frag_count": 1, "hall": 79, "received_len": 242, "t_start": 1805827}
{"delay": 1391, "tries": 0, "t_stop": 1808737, "memfree": 82752, "ACK": 0.5405277, "temp": 128, "token": 0.4769474, "frag_count": 1, "hall": 84, "received_len": 242, "t_start": 1807346}
{"delay": 1380, "tries": 0, "t_stop": 1810248, "memfree": 82752, "ACK": 0.5405277, "temp": 128, "token": 0.237172, "frag_count": 1, "hall": 78, "received_len": 242, "t_start": 1808868}
{"delay": 1387, "tries": 0, "t_stop": 1811761, "memfree": 82752, "ACK": 0.5405277, "temp": 128, "token": 0.4295897, "frag_count": 1, "hall": 80, "received_len": 242, "t_start": 1810374}
{"delay": 1382, "tries": 0, "t_stop": 1813287, "memfree": 82752, "ACK": 0.5405277, "temp": 128, "token": 0.987624, "frag_count": 1, "hall": 86, "received_len": 242, "t_start": 1811905}
{"delay": 1390, "tries": 0, "t_stop": 1814816, "memfree": 82752, "ACK": 0.5405277, "temp": 128, "token": 0.8405046, "frag_count": 1, "hall": 85, "received_len": 242, "t_start": 1813426}
{"delay": 1387, "tries": 0, "t_stop": 1816331, "memfree": 82752, "ACK": 0.5405277, "temp": 128, "token": 0.7163363, "frag_count": 1, "hall": 80, "received_len": 242, "t_start": 1814944}
{"delay": 1386, "tries": 0, "t_stop": 1817862, "memfree": 82752, "ACK": 0.5405277, "temp": 128, "token": 0.4911123, "frag_count": 1, "hall": 85, "received_len": 242, "t_start": 1816476}
{"delay": 1393, "tries": 0, "t_stop": 1820530, "memfree": 82752, "ACK": 0.5405277, "temp": 128, "token": 0.3058382, "frag_count": 1, "hall": 88, "received_len": 242, "t_start": 1819137}
{"delay": 1391, "tries": 0, "t_stop": 1822098, "memfree": 82752, "ACK": 0.5405277, "temp": 128, "token": 0.7623018, "frag_count": 1, "hall": 83, "received_len": 242, "t_start": 1820707}
{"delay": 1387, "tries": 0, "t_stop": 1823606, "memfree": 82752, "ACK": 0.5405277, "temp": 128, "token": 0.07952023, "frag_count": 1, "hall": 77, "received_len": 242, "t_start": 1822219}
{"delay": 1388, "tries": 0, "t_stop": 1825112, "memfree": 82752, "ACK": 0.5405277, "temp": 128, "token": 0.2739699, "frag_count": 1, "hall": 87, "received_len": 242, "t_start": 1823724}
{"delay": 1389, "tries": 0, "t_stop": 1826633, "memfree": 82752, "ACK": 0.5405277, "temp": 128, "token": 0.1482605, "frag_count": 1, "hall": 94, "received_len": 242, "t_start": 1825245}
{"delay": 1388, "tries": 0, "t_stop": 1828152, "memfree": 82752, "ACK": 0.5405277, "temp": 128, "token": 0.4402771, "frag_count": 1, "hall": 89, "received_len": 242, "t_start": 1826764}
{"delay": 1387, "tries": 0, "t_stop": 1829674, "memfree": 82752, "ACK": 0.5405277, "temp": 128, "token": 0.7691145, "frag_count": 1, "hall": 84, "received_len": 242, "t_start": 1828287}
{"delay": 1389, "tries": 0, "t_stop": 1831194, "memfree": 82752, "ACK": 0.5405277, "temp": 128, "token": 0.9690716, "frag_count": 1, "hall": 79, "received_len": 242, "t_start": 1829805}
{"delay": 1389, "tries": 0, "t_stop": 1832717, "memfree": 82752, "ACK": 0.5405277, "temp": 128, "token": 0.4322499, "frag_count": 1, "hall": 85, "received_len": 242, "t_start": 1831328}
{"delay": 1389, "tries": 0, "t_stop": 1834227, "memfree": 82752, "ACK": 0.5405277, "temp": 128, "token": 0.7331656, "frag_count": 1, "hall": 79, "received_len": 242, "t_start": 1832838}
{"delay": 1394, "tries": 0, "t_stop": 1835752, "memfree": 82736, "ACK": 0.5405277, "temp": 128, "token": 0.005333662, "frag_count": 1, "hall": 81, "received_len": 242, "t_start": 1834358}
{"delay": 1381, "tries": 0, "t_stop": 1837257, "memfree": 82752, "ACK": 0.5405277, "temp": 128, "token": 0.229805, "frag_count": 1, "hall": 92, "received_len": 242, "t_start": 1835876}
{"delay": 1387, "tries": 0, "t_stop": 1838787, "memfree": 82752, "ACK": 0.5405277, "temp": 128, "token": 0.9767121, "frag_count": 1, "hall": 95, "received_len": 242, "t_start": 1837400}
{"delay": 1389, "tries": 0, "t_stop": 1840294, "memfree": 82752, "ACK": 0.5405277, "temp": 128, "token": 0.09292722, "frag_count": 1, "hall": 75, "received_len": 242, "t_start": 1838905}
{"delay": 1377, "tries": 0, "t_stop": 1841795, "memfree": 82752, "ACK": 0.5405277, "temp": 128, "token": 0.98455, "frag_count": 1, "hall": 85, "received_len": 242, "t_start": 1840418}
{"delay": 1385, "tries": 0, "t_stop": 1843310, "memfree": 82752, "ACK": 0.5405277, "temp": 128, "token": 0.5646389, "frag_count": 1, "hall": 82, "received_len": 242, "t_start": 1841925}
{"delay": 1385, "tries": 0, "t_stop": 1844831, "memfree": 82752, "ACK": 0.5405277, "temp": 128, "token": 0.9483005, "frag_count": 1, "hall": 86, "received_len": 242, "t_start": 1843446}
{"delay": 1387, "tries": 0, "t_stop": 1846351, "memfree": 82752, "ACK": 0.5405277, "temp": 128, "token": 0.6531873, "frag_count": 1, "hall": 94, "received_len": 242, "t_start": 1844964}
{"delay": 1389, "tries": 0, "t_stop": 1847872, "memfree": 82752, "ACK": 0.5405277, "temp": 128, "token": 0.7796994, "frag_count": 1, "hall": 82, "received_len": 242, "t_start": 1846483}
