{"delay": 3340, "tries": 0, "t_stop": 2035244, "memfree": 79792, "ACK": 0.01618862, "temp": 128, "token": 0.4858924, "frag_count": 3, "hall": 80, "received_len": 758, "t_start": 2031904}
{"delay": 3333, "tries": 0, "t_stop": 2039769, "memfree": 79792, "ACK": 0.01618862, "temp": 128, "token": 0.2419355, "frag_count": 3, "hall": 80, "received_len": 758, "t_start": 2036436}
{"delay": 3336, "tries": 0, "t_stop": 2044303, "memfree": 79792, "ACK": 0.01618862, "temp": 128, "token": 0.1145567, "frag_count": 3, "hall": 87, "received_len": 758, "t_start": 2040967}
{"delay": 3333, "tries": 0, "t_stop": 2048840, "memfree": 79792, "ACK": 0.01618862, "temp": 128, "token": 0.4835071, "frag_count": 3, "hall": 83, "received_len": 758, "t_start": 2045507}
{"delay": 3332, "tries": 0, "t_stop": 2053379, "memfree": 79792, "ACK": 0.01618862, "temp": 128, "token": 0.7695728, "frag_count": 3, "hall": 81, "received_len": 758, "t_start": 2050047}
{"delay": 3334, "tries": 0, "t_stop": 2057928, "memfree": 79792, "ACK": 0.01618862, "temp": 128, "token": 0.1450318, "frag_count": 3, "hall": 79, "received_len": 758, "t_start": 2054594}
{"delay": 3334, "tries": 0, "t_stop": 2062449, "memfree": 79792, "ACK": 0.01618862, "temp": 128, "token": 0.7978319, "frag_count": 3, "hall": 89, "received_len": 758, "t_start": 2059115}
{"delay": 3332, "tries": 0, "t_stop": 2066969, "memfree": 79792, "ACK": 0.01618862, "temp": 128, "token": 0.7193375, "frag_count": 3, "hall": 90, "received_len": 758, "t_start": 2063637}
{"delay": 3335, "tries": 0, "t_stop": 2071502, "memfree": 79792, "ACK": 0.01618862, "temp": 128, "token": 0.3598171, "frag_count": 3, "hall": 73, "received_len": 758, "t_start": 2068167}
{"delay": 3336, "tries": 0, "t_stop": 2076040, "memfree": 79792, "ACK": 0.01618862, "temp": 128, "token": 0.8692422, "frag_count": 3, "hall": 78, "received_len": 758, "t_start": 2072704}
{"delay": 3333, "tries": 0, "t_stop": 2080571, "memfree": 79792, "ACK": 0.01618862, "temp": 128, "token": 0.5814946, "frag_count": 3, "hall": 86, "received_len": 758, "t_start": 2077238}
{"delay": 3334, "tries": 0, "t_stop": 2085113, "memfree": 79792, "ACK": 0.01618862, "temp": 128, "token": 0.2208388, "frag_count": 3, "hall": 82, "received_len": 758, "t_start": 2081779}
{"delay": 3334, "tries": 0, "t_stop": 2089640, "memfree": 79792, "ACK": 0.01618862, "temp": 128, "token": 0.9525139, "frag_count": 3, "hall": 85, "received_len": 758, "t_start": 2086306}
{"delay": 3335, "tries": 0, "t_stop": 2094161, "memfree": 79792, "ACK": 0.01618862, "temp": 128, "token": 0.3821636, "frag_count": 3, "hall": 90, "received_len": 758, "t_start": 2090826}
{"delay": 3332, "tries": 0, "t_stop": 2098689, "memfree": 79792, "ACK": 0.01618862, "temp": 128, "token": 0.2305484, "frag_count": 3, "hall": 83, "received_len": 758, "t_start": 2095357}
{"delay": 3332, "tries": 0, "t_stop": 2103240, "memfree": 79792, "ACK": 0.01618862, "temp": 128, "token": 0.9964611, "frag_count": 3, "hall": 77, "received_len": 758, "t_start": 2099908}
{"delay": 3336, "tries": 0, "t_stop": 2107791, "memfree": 79792, "ACK": 0.01618862, "temp": 128, "token": 0.1031241, "frag_count": 3, "hall": 85, "received_len": 758, "t_start": 2104455}
{"delay": 3335, "tries": 0, "t_stop": 2112321, "memfree": 79792, "ACK": 0.01618862, "temp": 128, "token": 0.8259352, "frag_count": 3, "hall": 82, "received_len": 758, "t_start": 2108986}
{"delay": 3333, "tries": 0, "t_stop": 2116858, "memfree": 79792, "ACK": 0.01618862, "temp": 128, "token": 0.9569893, "frag_count": 3, "hall": 85, "received_len": 758, "t_start": 2113525}
{"delay": 3333, "tries": 0, "t_stop": 2121399, "memfree": 79792, "ACK": 0.01618862, "temp": 128, "token": 0.5951408, "frag_count": 3, "hall": 89, "received_len": 758, "t_start": 2118066}
{"delay": 3339, "tries": 0, "t_stop": 2125945, "memfree": 79776, "ACK": 0.01618862, "temp": 128, "token": 0.01818287, "frag_count": 3, "hall": 85, "received_len": 758, "t_start": 2122606}
{"delay": 3334, "tries": 0, "t_stop": 2130479, "memfree": 79792, "ACK": 0.01618862, "temp": 128, "token": 0.7329789, "frag_count": 3, "hall": 79, "received_len": 758, "t_start": 2127145}
{"delay": 3346, "tries": 0, "t_stop": 2135013, "memfree": 79776, "ACK": 0.01618862, "temp": 128, "token": 0.09717619, "frag_count": 3, "hall": 75, "received_len": 758, "t_start": 2131667}
{"delay": 3334, "tries": 0, "t_stop": 2139540, "memfree": 79792, "ACK": 0.01618862, "temp": 128, "token": 0.7644066, "frag_count": 3, "hall": 86, "received_len": 758, "t_start": 2136206}
{"delay": 3331, "tries": 0, "t_stop": 2144058, "memfree": 79792, "ACK": 0.01618862, "temp": 128, "token": 0.929494, "frag_count": 3, "hall": 86, "received_len": 758, "t_start": 2140728}
{"delay": 3333, "tries": 0, "t_stop": 2148590, "memfree": 79792, "ACK": 0.01618862, "temp": 128, "token": 0.9673281, "frag_count": 3, "hall": 89, "received_len": 758, "t_start": 2145257}
{"delay": 3336, "tries": 0, "t_stop": 2153143, "memfree": 79792, "ACK": 0.01618862, "temp": 128, "token": 0.5930111, "frag_count": 3, "hall": 85, "received_len": 758, "t_start": 2149807}
{"delay": 3331, "tries": 0, "t_stop": 2157686, "memfree": 79792, "ACK": 0.01618862, "temp": 128, "token": 0.701298, "frag_count": 3, "hall": 86, "received_len": 758, "t_start": 2154355}
{"delay": 3335, "tries": 0, "t_stop": 2162212, "memfree": 79792, "ACK": 0.01618862, "temp": 128, "token": 0.6593325, "frag_count": 3, "hall": 87, "received_len": 758, "t_start": 2158877}
{"delay": 3333, "tries": 0, "t_stop": 2166738, "memfree": 79792, "ACK": 0.01618862, "temp": 128, "token": 0.9716471, "frag_count": 3, "hall": 83, "received_len": 758, "t_start": 2163405}
{"delay": 3335, "tries": 0, "t_stop": 2171261, "memfree": 79792, "ACK": 0.01618862, "temp": 128, "token": 0.6834927, "frag_count": 3, "hall": 85, "received_len": 758, "t_start": 2167926}
{"delay": 3332, "tries": 0, "t_stop": 2175798, "memfree": 79792, "ACK": 0.01618862, "temp": 128, "token": 0.968832, "frag_count": 3, "hall": 82, "received_len": 758, "t_start": 2172466}
{"delay": 3333, "tries": 0, "t_stop": 2180341, "memfree": 79792, "ACK": 0.01618862, "temp": 128, "token": 0.8564548, "frag_count": 3, "hall": 87, "received_len": 758, "t_start": 2177008}
{"delay": 3337, "tries": 0, "t_stop": 2184879, "memfree": 79792, "ACK": 0.01618862, "temp": 128, "token": 0.6116928, "frag_count": 3, "hall": 87, "received_len": 758, "t_start": 2181542}
{"delay": 3338, "tries": 1, "t_stop": 2201494, "memfree": 79792, "ACK": 0.01618862, "temp": 128, "token": 0.6991769, "frag_count": 3, "hall": 88, "received_len": 758, "t_start": 2198156}
{"delay": 3334, "tries": 0, "t_stop": 2206008, "memfree": 79792, "ACK": 0.01618862, "temp": 128, "token": 0.7603015, "frag_count": 3, "hall": 81, "received_len": 758, "t_start": 2202674}
{"delay": 3330, "tries": 0, "t_stop": 2210537, "memfree": 79792, "ACK": 0.01618862, "temp": 128, "token": 0.4738151, "frag_count": 3, "hall": 72, "received_len": 758, "t_start": 2207207}
{"delay": 3338, "tries": 0, "t_stop": 2215084, "memfree": 79792, "ACK": 0.01618862, "temp": 128, "token": 0.336274, "frag_count": 3, "hall": 80, "received_len": 758, "t_start": 2211746}
{"delay": 3333, "tries": 0, "t_stop": 2219607, "memfree": 79792, "ACK": 0.01618862, "temp": 128, "token": 0.6068831, "frag_count": 3, "hall": 83, "received_len": 758, "t_start": 2216275}
{"delay": 3332, "tries": 0, "t_stop": 2224138, "memfree": 79792, "ACK": 0.01618862, "temp": 128, "token": 0.9599191, "frag_count": 3, "hall": 85, "received_len": 758, "t_start": 2220806}
