{"delay": 1379, "tries": 0, "t_stop": 2229743, "memfree": 79984, "ACK": 0.3352847, "temp": 128, "token": 0.9062162, "frag_count": 1, "hall": 81, "received_len": 238, "t_start": 2228364}
{"delay": 1379, "tries": 0, "t_stop": 2232283, "memfree": 79984, "ACK": 0.3352847, "temp": 128, "token": 0.05074465, "frag_count": 1, "hall": 84, "received_len": 238, "t_start": 2230904}
{"delay": 1381, "tries": 0, "t_stop": 2234796, "memfree": 79984, "ACK": 0.3352847, "temp": 128, "token": 0.3307598, "frag_count": 1, "hall": 86, "received_len": 238, "t_start": 2233415}
{"delay": 1382, "tries": 0, "t_stop": 2237312, "memfree": 79984, "ACK": 0.3352847, "temp": 128, "token": 0.6123633, "frag_count": 1, "hall": 76, "received_len": 238, "t_start": 2235930}
{"delay": 1382, "tries": 0, "t_stop": 2239830, "memfree": 79984, "ACK": 0.3352847, "temp": 128, "token": 0.8796709, "frag_count": 1, "hall": 81, "received_len": 238, "t_start": 2238448}
{"delay": 1383, "tries": 0, "t_stop": 2242340, "memfree": 79984, "ACK": 0.3352847, "temp": 128, "token": 0.2923489, "frag_count": 1, "hall": 80, "received_len": 238, "t_start": 2240957}
{"delay": 1382, "tries": 0, "t_stop": 2244861, "memfree": 79984, "ACK": 0.3352847, "temp": 128, "token": 0.5866833, "frag_count": 1, "hall": 77, "received_len": 238, "t_start": 2243480}
{"delay": 1380, "tries": 0, "t_stop": 2247384, "memfree": 79984, "ACK": 0.3352847, "temp": 128, "token": 0.1188015, "frag_count": 1, "hall": 86, "received_len": 238, "t_start": 2246004}
{"delay": 1381, "tries": 0, "t_stop": 2249910, "memfree": 79984, "ACK": 0.3352847, "temp": 128, "token": 0.2318344, "frag_count": 1, "hall": 82, "received_len": 238, "t_start": 2248529}
{"delay": 1383, "tries": 0, "t_stop": 2252431, "memfree": 79984, "ACK": 0.3352847, "temp": 128, "token": 0.2237071, "frag_count": 1, "hall": 82, "received_len": 238, "t_start": 2251048}
{"delay": 1380, "tries": 0, "t_stop": 2254959, "memfree": 79984, "ACK": 0.3352847, "temp": 128, "token": 0.5439703, "frag_count": 1, "hall": 83, "received_len": 238, "t_start": 2253579}
{"delay": 1381, "tries": 0, "t_stop": 2257474, "memfree": 79984, "ACK": 0.3352847, "temp": 128, "token": 0.2771758, "frag_count": 1, "hall": 91, "received_len": 238, "t_start": 2256093}
{"delay": 1382, "tries": 0, "t_stop": 2260770, "memfree": 79984, "ACK": 0.3352847, "temp": 128, "token": 0.4088692, "frag_count": 1, "hall": 82, "received_len": 238, "t_start": 2259388}
{"delay": 1380, "tries": 0, "t_stop": 2263276, "memfree": 79984, "ACK": 0.3352847, "temp": 128, "token": 0.4509048, "frag_count": 1, "hall": 88, "received_len": 238, "t_start": 2261896}
{"delay": 1381, "tries": 0, "t_stop": 2265796, "memfree": 79984, "ACK": 0.3352847, "temp": 128, "token": 0.6383021, "frag_count": 1, "hall": 77, "received_len": 238, "t_start": 2264415}
{"delay": 1379, "tries": 0, "t_stop": 2268315, "memfree": 79984, "ACK": 0.3352847, "temp": 128, "token": 0.6950462, "frag_count": 1, "hall": 85, "received_len": 238, "t_start": 2266936}
{"delay": 1381, "tries": 0, "t_stop": 2270838, "memfree": 79984, "ACK": 0.3352847, "temp": 128, "token": 0.9179563, "frag_count": 1, "hall": 95, "received_len": 238, "t_start": 2269457}
{"delay": 1381, "tries": 0, "t_stop": 2273353, "memfree": 79984, "ACK": 0.3352847, "temp": 128, "token": 0.3950146, "frag_count": 1, "hall": 83, "received_len": 238, "t_start": 2271972}
{"delay": 1380, "tries": 0, "t_stop": 2275873, "memfree": 79984, "ACK": 0.3352847, "temp": 128, "token": 0.06788468, "frag_count": 1, "hall": 85, "received_len": 238, "t_start": 2274493}
{"delay": 1380, "tries": 0, "t_stop": 2278387, "memfree": 79984, "ACK": 0.3352847, "temp": 128, "token": 0.0152806, "frag_count": 1, "hall": 79, "received_len": 238, "t_start": 2277007}
{"delay": 1375, "tries": 0, "t_stop": 2280900, "memfree": 79984, "ACK": 0.3352847, "temp": 128, "token": 0.8140019, "frag_count": 1, "hall": 83, "received_len": 238, "t_start": 2279525}
{"delay": 1381, "tries": 0, "t_stop": 2283418, "memfree": 79984, "ACK": 0.3352847, "temp": 128, "token": 0.1632129, "frag_count": 1, "hall": 88, "received_len": 238, "t_start": 2282037}
{"delay": 1375, "tries": 0, "t_stop": 2285981, "memfree": 79984, "ACK": 0.3352847, "temp": 128, "token": 0.9651588, "frag_count": 1, "hall": 80, "received_len": 238, "t_start": 2284606}
{"delay": 1377, "tries": 0, "t_stop": 2288500, "memfree": 79984, "ACK": 0.3352847, "temp": 128, "token": 0.7943516, "frag_count": 1, "hall": 88, "received_len": 238, "t_start": 2287123}
{"delay": 1381, "tries": 0, "t_stop": 2291008, "memfree": 79984, "ACK": 0.3352847, "temp": 128, "token": 0.8986693, "frag_count": 1, "hall": 83, "received_len": 238, "t_start": 2289627}
{"delay": 1382, "tries": 0, "t_stop": 2293521, "memfree": 79984, "ACK": 0.3352847, "temp": 128, "token": 0.5529578, "frag_count": 1, "hall": 87, "received_len": 238, "t_start": 2292139}
{"delay": 1380, "tries": 0, "t_stop": 2296036, "memfree": 79984, "ACK": 0.3352847, "temp": 128, "token": 0.9085878, "frag_count": 1, "hall": 89, "received_len": 238, "t_start": 2294656}
{"delay": 1383, "tries": 0, "t_stop": 2298550, "memfree": 79984, "ACK": 0.3352847, "temp": 128, "token": 0.09536112, "frag_count": 1, "hall": 88, "received_len": 238, "t_start": 2297167}
{"delay": 1375, "tries": 0, "t_stop": 2301067, "memfree": 79984, "ACK": 0.3352847, "temp": 128, "token": 0.3562791, "frag_count": 1, "hall": 87, "received_len": 238, "t_start": 2299692}
{"delay": 1376, "tries": 0, "t_stop": 2303592, "memfree": 79984, "ACK": 0.3352847, "temp": 128, "token": 0.2628199, "frag_count": 1, "hall": 82, "received_len": 238, "t_start": 2302216}
{"delay": 1378, "tries": 0, "t_stop": 2306123, "memfree": 79984, "ACK": 0.3352847, "temp": 128, "token": 0.03407753, "frag_count": 1, "hall": 81, "received_len": 238, "t_start": 2304745}
{"delay": 1380, "tries": 0, "t_stop": 2308636, "memfree": 79984, "ACK": 0.3352847, "temp": 128, "token": 0.4460123, "frag_count": 1, "hall": 85, "received_len": 238, "t_start": 2307256}
{"delay": 1380, "tries": 0, "t_stop": 2311159, "memfree": 79984, "ACK": 0.3352847, "temp": 128, "token": 0.6969886, "frag_count": 1, "hall": 88, "received_len": 238, "t_start": 2309779}
{"delay": 1378, "tries": 0, "t_stop": 2313691, "memfree": 79984, "ACK": 0.3352847, "temp": 128, "token": 0.4265007, "frag_count": 1, "hall": 80, "received_len": 238, "t_start": 2312313}
{"delay": 1381, "tries": 0, "t_stop": 2316196, "memfree": 79984, "ACK": 0.3352847, "temp": 128, "token": 0.7632285, "frag_count": 1, "hall": 76, "received_len": 238, "t_start": 2314816}
{"delay": 1382, "tries": 0, "t_stop": 2318707, "memfree": 79984, "ACK": 0.3352847, "temp": 128, "token": 0.7660942, "frag_count": 1, "hall": 78, "received_len": 238, "t_start": 2317325}
{"delay": 1382, "tries": 0, "t_stop": 2321218, "memfree": 79984, "ACK": 0.3352847, "temp": 128, "token": 0.7640232, "frag_count": 1, "hall": 85, "received_len": 238, "t_start": 2319836}
{"delay": 1381, "tries": 0, "t_stop": 2323736, "memfree": 79984, "ACK": 0.3352847, "temp": 128, "token": 0.5819433, "frag_count": 1, "hall": 96, "received_len": 238, "t_start": 2322355}
{"delay": 1383, "tries": 0, "t_stop": 2326257, "memfree": 79984, "ACK": 0.3352847, "temp": 128, "token": 0.4757786, "frag_count": 1, "hall": 91, "received_len": 238, "t_start": 2324874}
{"delay": 1380, "tries": 0, "t_stop": 2328769, "memfree": 79984, "ACK": 0.3352847, "temp": 128, "token": 0.2111501, "frag_count": 1, "hall": 74, "received_len": 238, "t_start": 2327389}
