{"nonce": 0.6012035, "memfree": 82896, "token": "0.6227011", "t_stop": 6054, "tries": 0, "delay": 766, "gw": "c44f336ab5c1", "status": 1, "t_start": 5285}
{"nonce": 0.6012035, "memfree": 82832, "token": "0.8426575", "t_stop": 9059, "tries": 0, "delay": 759, "gw": "c44f336ab5c1", "status": 1, "t_start": 8297}
{"nonce": 0.6012035, "memfree": 82832, "token": "0.07510614", "t_stop": 12066, "tries": 0, "delay": 758, "gw": "c44f336ab5c1", "status": 1, "t_start": 11304}
{"nonce": 0.6012035, "memfree": 82832, "token": "0.3041574", "t_stop": 15091, "tries": 0, "delay": 760, "gw": "c44f336ab5c1", "status": 1, "t_start": 14328}
{"nonce": 0.6012035, "memfree": 82832, "token": "0.6471044", "t_stop": 18109, "tries": 0, "delay": 758, "gw": "c44f336ab5c1", "status": 1, "t_start": 17348}
{"nonce": 0.6012035, "memfree": 82832, "token": "0.6874887", "t_stop": 21120, "tries": 0, "delay": 759, "gw": "c44f336ab5c1", "status": 1, "t_start": 20358}
{"nonce": 0.6012035, "memfree": 82864, "token": "0.426998", "t_stop": 24124, "tries": 0, "delay": 754, "gw": "c44f336ab5c1", "status": 1, "t_start": 23367}
{"nonce": 0.6012035, "memfree": 82832, "token": "0.3731298", "t_stop": 27147, "tries": 0, "delay": 759, "gw": "c44f336ab5c1", "status": 1, "t_start": 26385}
{"nonce": 0.6012035, "memfree": 82832, "token": "0.3923496", "t_stop": 30179, "tries": 0, "delay": 759, "gw": "c44f336ab5c1", "status": 1, "t_start": 29417}
{"nonce": 0.6012035, "memfree": 82832, "token": "0.3985623", "t_stop": 33202, "tries": 0, "delay": 759, "gw": "c44f336ab5c1", "status": 1, "t_start": 32440}
{"nonce": 0.6012035, "memfree": 82832, "token": "0.2279789", "t_stop": 36228, "tries": 0, "delay": 757, "gw": "c44f336ab5c1", "status": 1, "t_start": 35467}
{"nonce": 0.6012035, "memfree": 82832, "token": "0.4103538", "t_stop": 39247, "tries": 0, "delay": 759, "gw": "c44f336ab5c1", "status": 1, "t_start": 38485}
{"nonce": 0.6012035, "memfree": 82832, "token": "0.1679182", "t_stop": 42268, "tries": 0, "delay": 759, "gw": "c44f336ab5c1", "status": 1, "t_start": 41505}
{"nonce": 0.6012035, "memfree": 82832, "token": "0.3443328", "t_stop": 45290, "tries": 0, "delay": 760, "gw": "c44f336ab5c1", "status": 1, "t_start": 44526}
{"nonce": 0.6012035, "memfree": 82832, "token": "0.2286676", "t_stop": 48309, "tries": 0, "delay": 758, "gw": "c44f336ab5c1", "status": 1, "t_start": 47547}
{"nonce": 0.6012035, "memfree": 82832, "token": "0.0136596", "t_stop": 51339, "tries": 0, "delay": 759, "gw": "c44f336ab5c1", "status": 1, "t_start": 50577}
{"nonce": 0.6012035, "memfree": 82832, "token": "0.4729828", "t_stop": 54371, "tries": 0, "delay": 760, "gw": "c44f336ab5c1", "status": 1, "t_start": 53607}
{"nonce": 0.6012035, "memfree": 82832, "token": "0.3974059", "t_stop": 71415, "tries": 1, "delay": 14774, "gw": "c44f336ab5c1", "status": 1, "t_start": 56637}
{"nonce": 0.6012035, "memfree": 82832, "token": "0.7839296", "t_stop": 74445, "tries": 0, "delay": 758, "gw": "c44f336ab5c1", "status": 1, "t_start": 73684}
{"nonce": 0.6012035, "memfree": 82832, "token": "0.3833246", "t_stop": 77475, "tries": 0, "delay": 759, "gw": "c44f336ab5c1", "status": 1, "t_start": 76713}
{"nonce": 0.6012035, "memfree": 82864, "token": "0.9538372", "t_stop": 80500, "tries": 0, "delay": 757, "gw": "c44f336ab5c1", "status": 1, "t_start": 79740}
{"nonce": 0.6012035, "memfree": 82864, "token": "0.2502509", "t_stop": 94544, "tries": 1, "delay": 11773, "gw": "c44f336ab5c1", "status": 1, "t_start": 82767}
{"nonce": 0.6012035, "memfree": 82864, "token": "0.2830707", "t_stop": 110605, "tries": 1, "delay": 13769, "gw": "c44f336ab5c1", "status": 1, "t_start": 96833}
{"nonce": 0.6012035, "memfree": 82864, "token": "0.2356391", "t_stop": 113662, "tries": 0, "delay": 763, "gw": "c44f336ab5c1", "status": 1, "t_start": 112896}
{"nonce": 0.6012035, "memfree": 82864, "token": "0.8938791", "t_stop": 123684, "tries": 1, "delay": 7769, "gw": "c44f336ab5c1", "status": 1, "t_start": 115912}
{"nonce": 0.6012035, "memfree": 82896, "token": "0.152475", "t_stop": 126744, "tries": 0, "delay": 757, "gw": "c44f336ab5c1", "status": 1, "t_start": 125983}
{"nonce": 0.6012035, "memfree": 82864, "token": "0.2408285", "t_stop": 129769, "tries": 0, "delay": 759, "gw": "c44f336ab5c1", "status": 1, "t_start": 129007}
{"nonce": 0.6012035, "memfree": 82864, "token": "0.4516997", "t_stop": 132788, "tries": 0, "delay": 763, "gw": "c44f336ab5c1", "status": 1, "t_start": 132022}
{"nonce": 0.6012035, "memfree": 82864, "token": "0.8117788", "t_stop": 135796, "tries": 0, "delay": 758, "gw": "c44f336ab5c1", "status": 1, "t_start": 135035}
{"nonce": 0.6012035, "memfree": 82864, "token": "0.2947738", "t_stop": 138816, "tries": 0, "delay": 759, "gw": "c44f336ab5c1", "status": 1, "t_start": 138054}
{"nonce": 0.6012035, "memfree": 82864, "token": "0.6087261", "t_stop": 141835, "tries": 0, "delay": 759, "gw": "c44f336ab5c1", "status": 1, "t_start": 141073}
{"nonce": 0.6012035, "memfree": 82864, "token": "0.7428397", "t_stop": 144855, "tries": 0, "delay": 757, "gw": "c44f336ab5c1", "status": 1, "t_start": 144094}
{"nonce": 0.6012035, "memfree": 82864, "token": "0.5860686", "t_stop": 147876, "tries": 0, "delay": 757, "gw": "c44f336ab5c1", "status": 1, "t_start": 147115}
{"nonce": 0.6012035, "memfree": 82864, "token": "0.9355186", "t_stop": 150898, "tries": 0, "delay": 760, "gw": "c44f336ab5c1", "status": 1, "t_start": 150135}
{"nonce": 0.6012035, "memfree": 82864, "token": "0.1683208", "t_stop": 153928, "tries": 0, "delay": 758, "gw": "c44f336ab5c1", "status": 1, "t_start": 153167}
{"nonce": 0.6012035, "memfree": 82864, "token": "0.6618898", "t_stop": 156960, "tries": 0, "delay": 758, "gw": "c44f336ab5c1", "status": 1, "t_start": 156198}
{"nonce": 0.6012035, "memfree": 82864, "token": "0.5141044", "t_stop": 159988, "tries": 0, "delay": 758, "gw": "c44f336ab5c1", "status": 1, "t_start": 159227}
{"nonce": 0.6012035, "memfree": 82864, "token": "0.2985854", "t_stop": 177025, "tries": 1, "delay": 14776, "gw": "c44f336ab5c1", "status": 1, "t_start": 162245}
{"nonce": 0.6012035, "memfree": 82864, "token": "0.8342647", "t_stop": 193095, "tries": 1, "delay": 13773, "gw": "c44f336ab5c1", "status": 1, "t_start": 179319}
{"nonce": 0.6012035, "memfree": 82864, "token": "0.7886654", "t_stop": 196165, "tries": 0, "delay": 764, "gw": "c44f336ab5c1", "status": 1, "t_start": 195397}
