{"delay": 2968, "tries": 0, "t_stop": 267086, "memfree": 79968, "ACK": 0.5255623, "temp": 128, "token": 0.6201371, "frag_count": 3, "hall": 85, "received_len": 550, "t_start": 264118}
{"delay": 2976, "tries": 0, "t_stop": 271169, "memfree": 79968, "ACK": 0.5255623, "temp": 127, "token": 0.8670097, "frag_count": 3, "hall": 76, "received_len": 550, "t_start": 268193}
{"delay": 2974, "tries": 0, "t_stop": 275251, "memfree": 79968, "ACK": 0.5255623, "temp": 127, "token": 0.3181776, "frag_count": 3, "hall": 86, "received_len": 550, "t_start": 272277}
{"delay": 2974, "tries": 0, "t_stop": 279339, "memfree": 79968, "ACK": 0.5255623, "temp": 127, "token": 0.4418128, "frag_count": 3, "hall": 81, "received_len": 550, "t_start": 276365}
{"delay": 2968, "tries": 0, "t_stop": 283411, "memfree": 79968, "ACK": 0.5255623, "temp": 127, "token": 0.795292, "frag_count": 3, "hall": 65, "received_len": 550, "t_start": 280443}
{"delay": 2975, "tries": 0, "t_stop": 287498, "memfree": 79968, "ACK": 0.5255623, "temp": 128, "token": 0.08356285, "frag_count": 3, "hall": 81, "received_len": 550, "t_start": 284523}
{"delay": 2968, "tries": 0, "t_stop": 291602, "memfree": 79968, "ACK": 0.5255623, "temp": 127, "token": 0.4419105, "frag_count": 3, "hall": 84, "received_len": 550, "t_start": 288634}
{"delay": 2978, "tries": 0, "t_stop": 295707, "memfree": 79968, "ACK": 0.5255623, "temp": 127, "token": 0.4369371, "frag_count": 3, "hall": 78, "received_len": 550, "t_start": 292729}
{"delay": 2977, "tries": 0, "t_stop": 299794, "memfree": 79968, "ACK": 0.5255623, "temp": 127, "token": 0.4409127, "frag_count": 3, "hall": 78, "received_len": 550, "t_start": 296817}
{"delay": 2978, "tries": 0, "t_stop": 303897, "memfree": 79968, "ACK": 0.5255623, "temp": 127, "token": 0.2076192, "frag_count": 3, "hall": 83, "received_len": 550, "t_start": 300919}
{"delay": 2973, "tries": 0, "t_stop": 307976, "memfree": 79968, "ACK": 0.5255623, "temp": 127, "token": 0.4956286, "frag_count": 3, "hall": 79, "received_len": 550, "t_start": 305003}
{"delay": 2975, "tries": 0, "t_stop": 312073, "memfree": 79968, "ACK": 0.5255623, "temp": 127, "token": 0.2148302, "frag_count": 3, "hall": 80, "received_len": 550, "t_start": 309098}
{"delay": 2980, "tries": 0, "t_stop": 316189, "memfree": 79968, "ACK": 0.5255623, "temp": 127, "token": 0.6434953, "frag_count": 3, "hall": 83, "received_len": 550, "t_start": 313209}
{"delay": 2974, "tries": 0, "t_stop": 320282, "memfree": 79968, "ACK": 0.5255623, "temp": 128, "token": 0.5348421, "frag_count": 3, "hall": 78, "received_len": 550, "t_start": 317308}
{"delay": 2974, "tries": 0, "t_stop": 324397, "memfree": 79968, "ACK": 0.5255623, "temp": 127, "token": 0.1317006, "frag_count": 3, "hall": 72, "received_len": 550, "t_start": 321423}
{"delay": 2976, "tries": 0, "t_stop": 328489, "memfree": 79968, "ACK": 0.5255623, "temp": 128, "token": 0.9118738, "frag_count": 3, "hall": 75, "received_len": 550, "t_start": 325513}
{"delay": 2964, "tries": 0, "t_stop": 332580, "memfree": 79968, "ACK": 0.5255623, "temp": 127, "token": 0.22486, "frag_count": 3, "hall": 84, "received_len": 550, "t_start": 329616}
{"delay": 2970, "tries": 0, "t_stop": 336676, "memfree": 79968, "ACK": 0.5255623, "temp": 128, "token": 0.826418, "frag_count": 3, "hall": 84, "received_len": 550, "t_start": 333706}
{"delay": 2981, "tries": 0, "t_stop": 340787, "memfree": 79952, "ACK": 0.5255623, "temp": 128, "token": 0.004365921, "frag_count": 3, "hall": 83, "received_len": 550, "t_start": 337806}
{"delay": 2981, "tries": 0, "t_stop": 344910, "memfree": 79968, "ACK": 0.5255623, "temp": 128, "token": 0.2314824, "frag_count": 3, "hall": 78, "received_len": 550, "t_start": 341929}
{"delay": 2973, "tries": 0, "t_stop": 348995, "memfree": 79968, "ACK": 0.5255623, "temp": 128, "token": 0.5485985, "frag_count": 3, "hall": 80, "received_len": 550, "t_start": 346022}
{"delay": 2968, "tries": 1, "t_stop": 365216, "memfree": 79968, "ACK": 0.5255623, "temp": 128, "token": 0.2222264, "frag_count": 3, "hall": 72, "received_len": 550, "t_start": 362248}
{"delay": 2980, "tries": 0, "t_stop": 369390, "memfree": 79968, "ACK": 0.5255623, "temp": 128, "token": 0.03523469, "frag_count": 3, "hall": 89, "received_len": 550, "t_start": 366410}
{"delay": 2967, "tries": 0, "t_stop": 373464, "memfree": 79968, "ACK": 0.5255623, "temp": 128, "token": 0.505101, "frag_count": 3, "hall": 82, "received_len": 550, "t_start": 370497}
{"delay": 2968, "tries": 0, "t_stop": 377546, "memfree": 79968, "ACK": 0.5255623, "temp": 128, "token": 0.755105, "frag_count": 3, "hall": 84, "received_len": 550, "t_start": 374578}
{"delay": 2975, "tries": 0, "t_stop": 381629, "memfree": 79968, "ACK": 0.5255623, "temp": 128, "token": 0.09952652, "frag_count": 3, "hall": 86, "received_len": 550, "t_start": 378654}
{"delay": 2976, "tries": 0, "t_stop": 385711, "memfree": 79968, "ACK": 0.5255623, "temp": 128, "token": 0.7341506, "frag_count": 3, "hall": 80, "received_len": 550, "t_start": 382735}
{"delay": 2979, "tries": 0, "t_stop": 389799, "memfree": 79968, "ACK": 0.5255623, "temp": 128, "token": 0.8025089, "frag_count": 3, "hall": 89, "received_len": 550, "t_start": 386820}
{"delay": 2979, "tries": 0, "t_stop": 393876, "memfree": 79968, "ACK": 0.5255623, "temp": 128, "token": 0.1440775, "frag_count": 3, "hall": 82, "received_len": 550, "t_start": 390898}
{"delay": 2969, "tries": 0, "t_stop": 397953, "memfree": 79968, "ACK": 0.5255623, "temp": 128, "token": 0.421009, "frag_count": 3, "hall": 85, "received_len": 550, "t_start": 394984}
{"delay": 2975, "tries": 0, "t_stop": 402059, "memfree": 79968, "ACK": 0.5255623, "temp": 128, "token": 0.5805538, "frag_count": 3, "hall": 81, "received_len": 550, "t_start": 399084}
{"delay": 2979, "tries": 0, "t_stop": 406147, "memfree": 79968, "ACK": 0.5255623, "temp": 128, "token": 0.03124225, "frag_count": 3, "hall": 80, "received_len": 550, "t_start": 403168}
{"delay": 2970, "tries": 0, "t_stop": 410233, "memfree": 79968, "ACK": 0.5255623, "temp": 128, "token": 0.984597, "frag_count": 3, "hall": 83, "received_len": 550, "t_start": 407263}
{"delay": 2973, "tries": 0, "t_stop": 414329, "memfree": 79968, "ACK": 0.5255623, "temp": 128, "token": 0.5143939, "frag_count": 3, "hall": 90, "received_len": 550, "t_start": 411356}
{"delay": 2978, "tries": 0, "t_stop": 418427, "memfree": 79968, "ACK": 0.5255623, "temp": 128, "token": 0.4002304, "frag_count": 3, "hall": 80, "received_len": 550, "t_start": 415449}
{"delay": 2969, "tries": 0, "t_stop": 422534, "memfree": 79968, "ACK": 0.5255623, "temp": 128, "token": 0.1927278, "frag_count": 3, "hall": 82, "received_len": 550, "t_start": 419565}
{"delay": 2974, "tries": 0, "t_stop": 426632, "memfree": 79968, "ACK": 0.5255623, "temp": 128, "token": 0.3098236, "frag_count": 3, "hall": 82, "received_len": 550, "t_start": 423658}
{"delay": 2974, "tries": 0, "t_stop": 430738, "memfree": 79968, "ACK": 0.5255623, "temp": 128, "token": 0.09452999, "frag_count": 3, "hall": 73, "received_len": 550, "t_start": 427764}
{"delay": 2976, "tries": 0, "t_stop": 434840, "memfree": 79968, "ACK": 0.5255623, "temp": 128, "token": 0.2632715, "frag_count": 3, "hall": 79, "received_len": 550, "t_start": 431864}
{"delay": 2974, "tries": 0, "t_stop": 438932, "memfree": 79968, "ACK": 0.5255623, "temp": 128, "token": 0.6600079, "frag_count": 3, "hall": 73, "received_len": 550, "t_start": 435958}
