{"delay": 1394, "tries": 0, "t_stop": 200824, "memfree": 82768, "ACK": 0.7858482, "temp": 128, "token": 0.01396465, "frag_count": 1, "hall": 80, "received_len": 242, "t_start": 199430}
{"delay": 1386, "tries": 0, "t_stop": 202334, "memfree": 82768, "ACK": 0.7858482, "temp": 128, "token": 0.8514727, "frag_count": 1, "hall": 80, "received_len": 242, "t_start": 200948}
{"delay": 1387, "tries": 0, "t_stop": 203840, "memfree": 82768, "ACK": 0.7858482, "temp": 128, "token": 0.7758322, "frag_count": 1, "hall": 89, "received_len": 242, "t_start": 202453}
{"delay": 1386, "tries": 0, "t_stop": 205362, "memfree": 82768, "ACK": 0.7858482, "temp": 128, "token": 0.7642469, "frag_count": 1, "hall": 84, "received_len": 242, "t_start": 203976}
{"delay": 1386, "tries": 0, "t_stop": 206875, "memfree": 82768, "ACK": 0.7858482, "temp": 128, "token": 0.1008872, "frag_count": 1, "hall": 80, "received_len": 242, "t_start": 205489}
{"delay": 1386, "tries": 0, "t_stop": 208383, "memfree": 82768, "ACK": 0.7858482, "temp": 128, "token": 0.5530736, "frag_count": 1, "hall": 82, "received_len": 242, "t_start": 206997}
{"delay": 1387, "tries": 0, "t_stop": 209903, "memfree": 82768, "ACK": 0.7858482, "temp": 128, "token": 0.9022921, "frag_count": 1, "hall": 82, "received_len": 242, "t_start": 208516}
{"delay": 1389, "tries": 0, "t_stop": 211426, "memfree": 82768, "ACK": 0.7858482, "temp": 128, "token": 0.04514122, "frag_count": 1, "hall": 81, "received_len": 242, "t_start": 210037}
{"delay": 1385, "tries": 0, "t_stop": 212942, "memfree": 82768, "ACK": 0.7858482, "temp": 128, "token": 0.6990303, "frag_count": 1, "hall": 85, "received_len": 242, "t_start": 211557}
{"delay": 1379, "tries": 0, "t_stop": 214452, "memfree": 82768, "ACK": 0.7858482, "temp": 128, "token": 0.609203, "frag_count": 1, "hall": 85, "received_len": 242, "t_start": 213073}
{"delay": 1387, "tries": 0, "t_stop": 215984, "memfree": 82768, "ACK": 0.7858482, "temp": 128, "token": 0.3623761, "frag_count": 1, "hall": 85, "received_len": 242, "t_start": 214597}
{"delay": 1386, "tries": 0, "t_stop": 219025, "memfree": 82768, "ACK": 0.7858482, "temp": 128, "token": 0.6423472, "frag_count": 1, "hall": 79, "received_len": 242, "t_start": 217639}
{"delay": 1388, "tries": 0, "t_stop": 220535, "memfree": 82768, "ACK": 0.7858482, "temp": 128, "token": 0.6384864, "frag_count": 1, "hall": 86, "received_len": 242, "t_start": 219147}
{"delay": 1388, "tries": 0, "t_stop": 222065, "memfree": 82768, "ACK": 0.7858482, "temp": 128, "token": 0.1083046, "frag_count": 1, "hall": 86, "received_len": 242, "t_start": 220677}
{"delay": 1387, "tries": 0, "t_stop": 223593, "memfree": 82768, "ACK": 0.7858482, "temp": 128, "token": 0.7108635, "frag_count": 1, "hall": 81, "received_len": 242, "t_start": 222206}
{"delay": 1394, "tries": 0, "t_stop": 225131, "memfree": 82752, "ACK": 0.7858482, "temp": 128, "token": 0.001288056, "frag_count": 1, "hall": 84, "received_len": 242, "t_start": 223737}
{"delay": 1388, "tries": 0, "t_stop": 226653, "memfree": 82768, "ACK": 0.7858482, "temp": 128, "token": 0.03451228, "frag_count": 1, "hall": 72, "received_len": 242, "t_start": 225265}
{"delay": 1385, "tries": 0, "t_stop": 228179, "memfree": 82768, "ACK": 0.7858482, "temp": 128, "token": 0.9863192, "frag_count": 1, "hall": 74, "received_len": 242, "t_start": 226794}
{"delay": 1387, "tries": 0, "t_stop": 229704, "memfree": 82768, "ACK": 0.7858482, "temp": 128, "token": 0.2667302, "frag_count": 1, "hall": 88, "received_len": 242, "t_start": 228317}
{"delay": 1388, "tries": 0, "t_stop": 231234, "memfree": 82768, "ACK": 0.7858482, "temp": 128, "token": 0.08091986, "frag_count": 1, "hall": 77, "received_len": 242, "t_start": 229846}
{"delay": 1387, "tries": 0, "t_stop": 232764, "memfree": 82768, "ACK": 0.7858482, "temp": 128, "token": 0.4109385, "frag_count": 1, "hall": 81, "received_len": 242, "t_start": 231377}
{"delay": 1386, "tries": 0, "t_stop": 234295, "memfree": 82768, "ACK": 0.7858482, "temp": 128, "token": 0.7822389, "frag_count": 1, "hall": 81, "received_len": 242, "t_start": 232909}
{"delay": 1397, "tries": 0, "t_stop": 237404, "memfree": 82768, "ACK": 0.7858482, "temp": 128, "token": 0.5852469, "frag_count": 1, "hall": 77, "received_len": 242, "t_start": 236007}
{"delay": 1386, "tries": 0, "t_stop": 238920, "memfree": 82768, "ACK": 0.7858482, "temp": 128, "token": 0.2974793, "frag_count": 1, "hall": 72, "received_len": 242, "t_start": 237534}
{"delay": 1391, "tries": 0, "t_stop": 241258, "memfree": 82768, "ACK": 0.7858482, "temp": 128, "token": 0.1099008, "frag_count": 1, "hall": 81, "received_len": 242, "t_start": 239867}
{"delay": 1388, "tries": 0, "t_stop": 242777, "memfree": 82768, "ACK": 0.7858482, "temp": 128, "token": 0.9586073, "frag_count": 1, "hall": 86, "received_len": 242, "t_start": 241389}
{"delay": 1386, "tries": 0, "t_stop": 244280, "memfree": 82768, "ACK": 0.7858482, "temp": 128, "token": 0.6394038, "frag_count": 1, "hall": 81, "received_len": 242, "t_start": 242894}
{"delay": 1387, "tries": 0, "t_stop": 245803, "memfree": 82768, "ACK": 0.7858482, "temp": 128, "token": 0.2906467, "frag_count": 1, "hall": 87, "received_len": 242, "t_start": 244417}
{"delay": 1388, "tries": 0, "t_stop": 247313, "memfree": 82768, "ACK": 0.7858482, "temp": 128, "token": 0.7933654, "frag_count": 1, "hall": 74, "received_len": 242, "t_start": 245925}
{"delay": 1388, "tries": 0, "t_stop": 248832, "memfree": 82768, "ACK": 0.7858482, "temp": 128, "token": 0.8023004, "frag_count": 1, "hall": 77, "received_len": 242, "t_start": 247444}
{"delay": 1386, "tries": 0, "t_stop": 250350, "memfree": 82768, "ACK": 0.7858482, "temp": 128, "token": 0.3293163, "frag_count": 1, "hall": 78, "received_len": 242, "t_start": 248964}
{"delay": 1388, "tries": 0, "t_stop": 251873, "memfree": 82768, "ACK": 0.7858482, "temp": 128, "token": 0.07201803, "frag_count": 1, "hall": 77, "received_len": 242, "t_start": 250485}
{"delay": 1389, "tries": 0, "t_stop": 253396, "memfree": 82768, "ACK": 0.7858482, "temp": 128, "token": 0.1386549, "frag_count": 1, "hall": 80, "received_len": 242, "t_start": 252007}
{"delay": 1385, "tries": 0, "t_stop": 254898, "memfree": 82768, "ACK": 0.7858482, "temp": 128, "token": 0.9822898, "frag_count": 1, "hall": 81, "received_len": 242, "t_start": 253513}
{"delay": 1386, "tries": 0, "t_stop": 256403, "memfree": 82768, "ACK": 0.7858482, "temp": 128, "token": 0.9121811, "frag_count": 1, "hall": 80, "received_len": 242, "t_start": 255017}
{"delay": 1387, "tries": 0, "t_stop": 257919, "memfree": 82768, "ACK": 0.7858482, "temp": 128, "token": 0.2462914, "frag_count": 1, "hall": 82, "received_len": 242, "t_start": 256532}
{"delay": 1386, "tries": 0, "t_stop": 259440, "memfree": 82768, "ACK": 0.7858482, "temp": 128, "token": 0.6221777, "frag_count": 1, "hall": 86, "received_len": 242, "t_start": 258054}
{"delay": 1388, "tries": 0, "t_stop": 260963, "memfree": 82768, "ACK": 0.7858482, "temp": 128, "token": 0.5427533, "frag_count": 1, "hall": 84, "received_len": 242, "t_start": 259575}
