{"delay": 3342, "tries": 0, "t_stop": 446440, "memfree": 79760, "ACK": 0.2793667, "temp": 128, "token": 0.5422986, "frag_count": 3, "hall": 83, "received_len": 760, "t_start": 443098}
{"delay": 3336, "tries": 0, "t_stop": 450953, "memfree": 79760, "ACK": 0.2793667, "temp": 128, "token": 0.4770966, "frag_count": 3, "hall": 83, "received_len": 760, "t_start": 447617}
{"delay": 3334, "tries": 0, "t_stop": 455492, "memfree": 79760, "ACK": 0.2793667, "temp": 128, "token": 0.556292, "frag_count": 3, "hall": 86, "received_len": 760, "t_start": 452158}
{"delay": 3341, "tries": 0, "t_stop": 460029, "memfree": 79760, "ACK": 0.2793667, "temp": 128, "token": 0.6116739, "frag_count": 3, "hall": 81, "received_len": 760, "t_start": 456688}
{"delay": 3336, "tries": 0, "t_stop": 464551, "memfree": 79760, "ACK": 0.2793667, "temp": 128, "token": 0.9549232, "frag_count": 3, "hall": 83, "received_len": 760, "t_start": 461215}
{"delay": 3337, "tries": 0, "t_stop": 469063, "memfree": 79760, "ACK": 0.2793667, "temp": 128, "token": 0.3034011, "frag_count": 3, "hall": 82, "received_len": 760, "t_start": 465726}
{"delay": 3335, "tries": 0, "t_stop": 473582, "memfree": 79760, "ACK": 0.2793667, "temp": 128, "token": 0.5592977, "frag_count": 3, "hall": 75, "received_len": 760, "t_start": 470247}
{"delay": 3336, "tries": 0, "t_stop": 478103, "memfree": 79760, "ACK": 0.2793667, "temp": 128, "token": 0.06741107, "frag_count": 3, "hall": 83, "received_len": 760, "t_start": 474767}
{"delay": 3344, "tries": 0, "t_stop": 482659, "memfree": 79760, "ACK": 0.2793667, "temp": 127, "token": 0.7495995, "frag_count": 3, "hall": 78, "received_len": 760, "t_start": 479315}
{"delay": 3334, "tries": 0, "t_stop": 487192, "memfree": 79760, "ACK": 0.2793667, "temp": 127, "token": 0.9193684, "frag_count": 3, "hall": 84, "received_len": 760, "t_start": 483858}
{"delay": 3336, "tries": 0, "t_stop": 491730, "memfree": 79760, "ACK": 0.2793667, "temp": 127, "token": 0.5975271, "frag_count": 3, "hall": 78, "received_len": 760, "t_start": 488394}
{"delay": 3342, "tries": 0, "t_stop": 496267, "memfree": 79760, "ACK": 0.2793667, "temp": 127, "token": 0.3610011, "frag_count": 3, "hall": 76, "received_len": 760, "t_start": 492925}
{"delay": 3338, "tries": 0, "t_stop": 500805, "memfree": 79760, "ACK": 0.2793667, "temp": 127, "token": 0.8873571, "frag_count": 3, "hall": 83, "received_len": 760, "t_start": 497467}
{"delay": 3336, "tries": 0, "t_stop": 505333, "memfree": 79760, "ACK": 0.2793667, "temp": 127, "token": 0.9011603, "frag_count": 3, "hall": 76, "received_len": 760, "t_start": 501997}
{"delay": 3337, "tries": 0, "t_stop": 509860, "memfree": 79760, "ACK": 0.2793667, "temp": 127, "token": 0.8096891, "frag_count": 3, "hall": 80, "received_len": 760, "t_start": 506523}
{"delay": 3336, "tries": 0, "t_stop": 514372, "memfree": 79760, "ACK": 0.2793667, "temp": 127, "token": 0.6776799, "frag_count": 3, "hall": 79, "received_len": 760, "t_start": 511036}
{"delay": 3332, "tries": 0, "t_stop": 518910, "memfree": 79760, "ACK": 0.2793667, "temp": 127, "token": 0.2345252, "frag_count": 3, "hall": 80, "received_len": 760, "t_start": 515578}
{"delay": 3337, "tries": 0, "t_stop": 523434, "memfree": 79760, "ACK": 0.2793667, "temp": 127, "token": 0.6862496, "frag_count": 3, "hall": 77, "received_len": 760, "t_start": 520097}
{"delay": 3342, "tries": 2, "t_stop": 552350, "memfree": 79760, "ACK": 0.2793667, "temp": 127, "token": 0.6821636, "frag_count": 3, "hall": 85, "received_len": 760, "t_start": 549008}
{"delay": 3340, "tries": 0, "t_stop": 556866, "memfree": 79744, "ACK": 0.2793667, "temp": 128, "token": 0.003366709, "frag_count": 3, "hall": 80, "received_len": 760, "t_start": 553526}
{"delay": 3335, "tries": 0, "t_stop": 561390, "memfree": 79760, "ACK": 0.2793667, "temp": 128, "token": 0.9017629, "frag_count": 3, "hall": 78, "received_len": 760, "t_start": 558055}
{"delay": 3342, "tries": 0, "t_stop": 565960, "memfree": 79760, "ACK": 0.2793667, "temp": 128, "token": 0.7403257, "frag_count": 3, "hall": 78, "received_len": 760, "t_start": 562618}
{"delay": 3346, "tries": 0, "t_stop": 570499, "memfree": 79760, "ACK": 0.2793667, "temp": 128, "token": 0.3023032, "frag_count": 3, "hall": 87, "received_len": 760, "t_start": 567153}
{"delay": 3335, "tries": 0, "t_stop": 575022, "memfree": 79760, "ACK": 0.2793667, "temp": 128, "token": 0.9163399, "frag_count": 3, "hall": 87, "received_len": 760, "t_start": 571687}
{"delay": 3332, "tries": 0, "t_stop": 579562, "memfree": 79760, "ACK": 0.2793667, "temp": 128, "token": 0.2359053, "frag_count": 3, "hall": 80, "received_len": 760, "t_start": 576230}
{"delay": 3337, "tries": 0, "t_stop": 584083, "memfree": 79760, "ACK": 0.2793667, "temp": 128, "token": 0.3478023, "frag_count": 3, "hall": 82, "received_len": 760, "t_start": 580746}
{"delay": 3337, "tries": 0, "t_stop": 588612, "memfree": 79760, "ACK": 0.2793667, "temp": 128, "token": 0.5929256, "frag_count": 3, "hall": 83, "received_len": 760, "t_start": 585275}
{"delay": 3339, "tries": 4, "t_stop": 641753, "memfree": 79760, "ACK": 0.2793667, "temp": 128, "token": 0.6385299, "frag_count": 3, "hall": 83, "received_len": 760, "t_start": 638414}
{"delay": 3336, "tries": 0, "t_stop": 646293, "memfree": 79760, "ACK": 0.2793667, "temp": 128, "token": 0.9656893, "frag_count": 3, "hall": 82, "received_len": 760, "t_start": 642957}
{"delay": 3336, "tries": 0, "t_stop": 650832, "memfree": 79760, "ACK": 0.2793667, "temp": 128, "token": 0.7838155, "frag_count": 3, "hall": 84, "received_len": 760, "t_start": 647496}
{"delay": 3332, "tries": 0, "t_stop": 655356, "memfree": 79760, "ACK": 0.2793667, "temp": 128, "token": 0.8413267, "frag_count": 3, "hall": 76, "received_len": 760, "t_start": 652024}
{"delay": 3342, "tries": 0, "t_stop": 659925, "memfree": 79760, "ACK": 0.2793667, "temp": 127, "token": 0.1896155, "frag_count": 3, "hall": 79, "received_len": 760, "t_start": 656583}
{"delay": 3335, "tries": 0, "t_stop": 664452, "memfree": 79760, "ACK": 0.2793667, "temp": 127, "token": 0.6403795, "frag_count": 3, "hall": 76, "received_len": 760, "t_start": 661117}
{"delay": 3330, "tries": 0, "t_stop": 668966, "memfree": 79760, "ACK": 0.2793667, "temp": 127, "token": 0.675876, "frag_count": 3, "hall": 75, "received_len": 760, "t_start": 665637}
{"delay": 3338, "tries": 0, "t_stop": 673515, "memfree": 79760, "ACK": 0.2793667, "temp": 127, "token": 0.04512239, "frag_count": 3, "hall": 77, "received_len": 760, "t_start": 670177}
{"delay": 3336, "tries": 0, "t_stop": 678043, "memfree": 79760, "ACK": 0.2793667, "temp": 128, "token": 0.8856441, "frag_count": 3, "hall": 74, "received_len": 760, "t_start": 674707}
{"delay": 3335, "tries": 0, "t_stop": 682571, "memfree": 79760, "ACK": 0.2793667, "temp": 128, "token": 0.4549642, "frag_count": 3, "hall": 85, "received_len": 760, "t_start": 679236}
{"delay": 3336, "tries": 0, "t_stop": 687083, "memfree": 79760, "ACK": 0.2793667, "temp": 128, "token": 0.8801235, "frag_count": 3, "hall": 77, "received_len": 760, "t_start": 683747}
{"delay": 3335, "tries": 0, "t_stop": 691612, "memfree": 79760, "ACK": 0.2793667, "temp": 128, "token": 0.3767141, "frag_count": 3, "hall": 82, "received_len": 760, "t_start": 688277}
{"delay": 3332, "tries": 0, "t_stop": 696139, "memfree": 79760, "ACK": 0.2793667, "temp": 128, "token": 0.436516, "frag_count": 3, "hall": 77, "received_len": 760, "t_start": 692807}
