{"delay": 1382, "tries": 0, "t_stop": 701761, "memfree": 79952, "ACK": 0.6567496, "temp": 128, "token": 0.01514697, "frag_count": 1, "hall": 81, "received_len": 238, "t_start": 700379}
{"delay": 1375, "tries": 0, "t_stop": 704271, "memfree": 79952, "ACK": 0.6567496, "temp": 128, "token": 0.6618051, "frag_count": 1, "hall": 90, "received_len": 238, "t_start": 702896}
{"delay": 1369, "tries": 0, "t_stop": 706797, "memfree": 79952, "ACK": 0.6567496, "temp": 128, "token": 0.533282, "frag_count": 1, "hall": 80, "received_len": 238, "t_start": 705428}
{"delay": 1375, "tries": 0, "t_stop": 709341, "memfree": 79952, "ACK": 0.6567496, "temp": 128, "token": 0.1285535, "frag_count": 1, "hall": 85, "received_len": 238, "t_start": 707966}
{"delay": 1373, "tries": 0, "t_stop": 711871, "memfree": 79952, "ACK": 0.6567496, "temp": 128, "token": 0.5502725, "frag_count": 1, "hall": 80, "received_len": 238, "t_start": 710498}
{"delay": 1376, "tries": 0, "t_stop": 714410, "memfree": 79952, "ACK": 0.6567496, "temp": 128, "token": 0.9105984, "frag_count": 1, "hall": 84, "received_len": 238, "t_start": 713034}
{"delay": 1374, "tries": 0, "t_stop": 716932, "memfree": 79952, "ACK": 0.6567496, "temp": 128, "token": 0.4374615, "frag_count": 1, "hall": 87, "received_len": 238, "t_start": 715558}
{"delay": 1375, "tries": 0, "t_stop": 719467, "memfree": 79952, "ACK": 0.6567496, "temp": 128, "token": 0.3629072, "frag_count": 1, "hall": 75, "received_len": 238, "t_start": 718092}
{"delay": 1383, "tries": 0, "t_stop": 721985, "memfree": 79952, "ACK": 0.6567496, "temp": 128, "token": 0.5027006, "frag_count": 1, "hall": 79, "received_len": 238, "t_start": 720603}
{"delay": 1379, "tries": 0, "t_stop": 724494, "memfree": 79952, "ACK": 0.6567496, "temp": 128, "token": 0.6324896, "frag_count": 1, "hall": 73, "received_len": 238, "t_start": 723115}
{"delay": 1379, "tries": 0, "t_stop": 727013, "memfree": 79952, "ACK": 0.6567496, "temp": 128, "token": 0.7962917, "frag_count": 1, "hall": 75, "received_len": 238, "t_start": 725634}
{"delay": 1375, "tries": 0, "t_stop": 729545, "memfree": 79952, "ACK": 0.6567496, "temp": 128, "token": 0.8284339, "frag_count": 1, "hall": 82, "received_len": 238, "t_start": 728170}
{"delay": 1375, "tries": 0, "t_stop": 732076, "memfree": 79952, "ACK": 0.6567496, "temp": 128, "token": 0.1393261, "frag_count": 1, "hall": 82, "received_len": 238, "t_start": 730701}
{"delay": 1380, "tries": 0, "t_stop": 734600, "memfree": 79952, "ACK": 0.6567496, "temp": 128, "token": 0.1071906, "frag_count": 1, "hall": 82, "received_len": 238, "t_start": 733220}
{"delay": 1375, "tries": 0, "t_stop": 737133, "memfree": 79952, "ACK": 0.6567496, "temp": 128, "token": 0.7529348, "frag_count": 1, "hall": 82, "received_len": 238, "t_start": 735758}
{"delay": 1380, "tries": 0, "t_stop": 739665, "memfree": 79952, "ACK": 0.6567496, "temp": 128, "token": 0.5396609, "frag_count": 1, "hall": 78, "received_len": 238, "t_start": 738285}
{"delay": 1380, "tries": 0, "t_stop": 742183, "memfree": 79952, "ACK": 0.6567496, "temp": 128, "token": 0.6410885, "frag_count": 1, "hall": 82, "received_len": 238, "t_start": 740803}
{"delay": 1376, "tries": 0, "t_stop": 745493, "memfree": 79952, "ACK": 0.6567496, "temp": 128, "token": 0.09098255, "frag_count": 1, "hall": 86, "received_len": 238, "t_start": 744117}
{"delay": 1380, "tries": 0, "t_stop": 748013, "memfree": 79952, "ACK": 0.6567496, "temp": 128, "token": 0.7218904, "frag_count": 1, "hall": 76, "received_len": 238, "t_start": 746633}
{"delay": 1375, "tries": 0, "t_stop": 750546, "memfree": 79952, "ACK": 0.6567496, "temp": 128, "token": 0.5368663, "frag_count": 1, "hall": 82, "received_len": 238, "t_start": 749171}
{"delay": 1379, "tries": 0, "t_stop": 753068, "memfree": 79952, "ACK": 0.6567496, "temp": 128, "token": 0.6084877, "frag_count": 1, "hall": 77, "received_len": 238, "t_start": 751689}
{"delay": 1380, "tries": 0, "t_stop": 755593, "memfree": 79952, "ACK": 0.6567496, "temp": 128, "token": 0.1370783, "frag_count": 1, "hall": 81, "received_len": 238, "t_start": 754213}
{"delay": 1374, "tries": 0, "t_stop": 758161, "memfree": 79952, "ACK": 0.6567496, "temp": 128, "token": 0.3064605, "frag_count": 1, "hall": 77, "received_len": 238, "t_start": 756787}
{"delay": 1368, "tries": 0, "t_stop": 760687, "memfree": 79952, "ACK": 0.6567496, "temp": 128, "token": 0.530147, "frag_count": 1, "hall": 82, "received_len": 238, "t_start": 759319}
{"delay": 1375, "tries": 0, "t_stop": 763234, "memfree": 79952, "ACK": 0.6567496, "temp": 128, "token": 0.4080986, "frag_count": 1, "hall": 87, "received_len": 238, "t_start": 761859}
{"delay": 1374, "tries": 0, "t_stop": 765740, "memfree": 79952, "ACK": 0.6567496, "temp": 128, "token": 0.2258326, "frag_count": 1, "hall": 89, "received_len": 238, "t_start": 764366}
{"delay": 1374, "tries": 0, "t_stop": 768272, "memfree": 79952, "ACK": 0.6567496, "temp": 128, "token": 0.8951227, "frag_count": 1, "hall": 79, "received_len": 238, "t_start": 766898}
{"delay": 1374, "tries": 0, "t_stop": 770802, "memfree": 79952, "ACK": 0.6567496, "temp": 128, "token": 0.9705291, "frag_count": 1, "hall": 73, "received_len": 238, "t_start": 769428}
{"delay": 1373, "tries": 0, "t_stop": 773326, "memfree": 79952, "ACK": 0.6567496, "temp": 128, "token": 0.4696355, "frag_count": 1, "hall": 83, "received_len": 238, "t_start": 771953}
{"delay": 1381, "tries": 0, "t_stop": 775846, "memfree": 79952, "ACK": 0.6567496, "temp": 128, "token": 0.5016898, "frag_count": 1, "hall": 82, "received_len": 238, "t_start": 774465}
{"delay": 1375, "tries": 0, "t_stop": 778372, "memfree": 79952, "ACK": 0.6567496, "temp": 128, "token": 0.9170359, "frag_count": 1, "hall": 84, "received_len": 238, "t_start": 776997}
{"delay": 1374, "tries": 0, "t_stop": 780891, "memfree": 79952, "ACK": 0.6567496, "temp": 128, "token": 0.1895636, "frag_count": 1, "hall": 73, "received_len": 238, "t_start": 779517}
{"delay": 1373, "tries": 0, "t_stop": 783421, "memfree": 79952, "ACK": 0.6567496, "temp": 128, "token": 0.8537098, "frag_count": 1, "hall": 80, "received_len": 238, "t_start": 782048}
{"delay": 1375, "tries": 0, "t_stop": 785957, "memfree": 79952, "ACK": 0.6567496, "temp": 128, "token": 0.5958099, "frag_count": 1, "hall": 72, "received_len": 238, "t_start": 784582}
{"delay": 1375, "tries": 0, "t_stop": 788487, "memfree": 79952, "ACK": 0.6567496, "temp": 128, "token": 0.7579342, "frag_count": 1, "hall": 78, "received_len": 238, "t_start": 787112}
{"delay": 1375, "tries": 0, "t_stop": 791007, "memfree": 79952, "ACK": 0.6567496, "temp": 128, "token": 0.7842194, "frag_count": 1, "hall": 87, "received_len": 238, "t_start": 789632}
{"delay": 1382, "tries": 0, "t_stop": 793525, "memfree": 79952, "ACK": 0.6567496, "temp": 128, "token": 0.03483152, "frag_count": 1, "hall": 84, "received_len": 238, "t_start": 792143}
{"delay": 1381, "tries": 0, "t_stop": 796054, "memfree": 79952, "ACK": 0.6567496, "temp": 128, "token": 0.4624434, "frag_count": 1, "hall": 83, "received_len": 238, "t_start": 794673}
{"delay": 1375, "tries": 0, "t_stop": 798588, "memfree": 79952, "ACK": 0.6567496, "temp": 128, "token": 0.9306926, "frag_count": 1, "hall": 77, "received_len": 238, "t_start": 797213}
{"delay": 1380, "tries": 0, "t_stop": 801098, "memfree": 79952, "ACK": 0.6567496, "temp": 128, "token": 0.7122704, "frag_count": 1, "hall": 81, "received_len": 238, "t_start": 799718}
