{"nonce": 0.624982, "memfree": 82928, "token": "0.09583497", "t_stop": 6767, "tries": 0, "delay": 761, "gw": "c44f336ab5c1", "status": 1, "t_start": 6003}
{"nonce": 0.624982, "memfree": 82896, "token": "0.1194204", "t_stop": 9775, "tries": 0, "delay": 746, "gw": "c44f336ab5c1", "status": 1, "t_start": 9026}
{"nonce": 0.624982, "memfree": 82912, "token": "0.7231812", "t_stop": 12810, "tries": 0, "delay": 748, "gw": "c44f336ab5c1", "status": 1, "t_start": 12059}
{"nonce": 0.624982, "memfree": 82912, "token": "0.7807092", "t_stop": 15834, "tries": 0, "delay": 748, "gw": "c44f336ab5c1", "status": 1, "t_start": 15083}
