{"nonce": 0.5843185, "memfree": 82912, "token": "0.2265893", "t_stop": 6264, "tries": 0, "delay": 763, "gw": "c44f336ab5c1", "status": 1, "t_start": 5498}
{"nonce": 0.5843185, "memfree": 82848, "token": "0.9251889", "t_stop": 9266, "tries": 0, "delay": 757, "gw": "c44f336ab5c1", "status": 1, "t_start": 8505}
{"nonce": 0.5843185, "memfree": 82848, "token": "0.5454204", "t_stop": 25300, "tries": 1, "delay": 13769, "gw": "c44f336ab5c1", "status": 1, "t_start": 11528}
{"nonce": 0.5843185, "memfree": 82848, "token": "0.5647855", "t_stop": 28359, "tries": 0, "delay": 763, "gw": "c44f336ab5c1", "status": 1, "t_start": 27593}
{"nonce": 0.5843185, "memfree": 82848, "token": "0.6702842", "t_stop": 31370, "tries": 0, "delay": 759, "gw": "c44f336ab5c1", "status": 1, "t_start": 30608}
{"nonce": 0.5843185, "memfree": 82896, "token": "0.49632", "t_stop": 42398, "tries": 1, "delay": 8767, "gw": "c44f336ab5c1", "status": 1, "t_start": 33627}
{"nonce": 0.5843185, "memfree": 82848, "token": "0.2604038", "t_stop": 45462, "tries": 0, "delay": 763, "gw": "c44f336ab5c1", "status": 1, "t_start": 44695}
{"nonce": 0.5843185, "memfree": 82848, "token": "0.8897772", "t_stop": 48499, "tries": 0, "delay": 759, "gw": "c44f336ab5c1", "status": 1, "t_start": 47737}
{"nonce": 0.5843185, "memfree": 82848, "token": "0.009405136", "t_stop": 51526, "tries": 0, "delay": 765, "gw": "c44f336ab5c1", "status": 1, "t_start": 50758}
{"nonce": 0.5843185, "memfree": 82848, "token": "0.3679667", "t_stop": 54535, "tries": 0, "delay": 758, "gw": "c44f336ab5c1", "status": 1, "t_start": 53774}
{"nonce": 0.5843185, "memfree": 82848, "token": "0.7816646", "t_stop": 57570, "tries": 0, "delay": 760, "gw": "c44f336ab5c1", "status": 1, "t_start": 56807}
{"nonce": 0.5843185, "memfree": 82848, "token": "0.7588748", "t_stop": 60595, "tries": 0, "delay": 758, "gw": "c44f336ab5c1", "status": 1, "t_start": 59833}
{"nonce": 0.5843185, "memfree": 82848, "token": "0.6495831", "t_stop": 63617, "tries": 0, "delay": 759, "gw": "c44f336ab5c1", "status": 1, "t_start": 62855}
{"nonce": 0.5843185, "memfree": 82848, "token": "0.4807384", "t_stop": 66629, "tries": 0, "delay": 758, "gw": "c44f336ab5c1", "status": 1, "t_start": 65867}
{"nonce": 0.5843185, "memfree": 82848, "token": "0.2780079", "t_stop": 69647, "tries": 0, "delay": 758, "gw": "c44f336ab5c1", "status": 1, "t_start": 68885}
{"nonce": 0.5843185, "memfree": 82880, "token": "0.417379", "t_stop": 72662, "tries": 0, "delay": 752, "gw": "c44f336ab5c1", "status": 1, "t_start": 71906}
{"nonce": 0.5843185, "memfree": 82848, "token": "0.2326612", "t_stop": 87710, "tries": 1, "delay": 12771, "gw": "c44f336ab5c1", "status": 1, "t_start": 74936}
{"nonce": 0.5843185, "memfree": 82848, "token": "0.3628458", "t_stop": 90762, "tries": 0, "delay": 762, "gw": "c44f336ab5c1", "status": 1, "t_start": 89996}
{"nonce": 0.5843185, "memfree": 82848, "token": "0.9397944", "t_stop": 93777, "tries": 0, "delay": 759, "gw": "c44f336ab5c1", "status": 1, "t_start": 93015}
{"nonce": 0.5843185, "memfree": 82848, "token": "0.2679435", "t_stop": 96801, "tries": 0, "delay": 765, "gw": "c44f336ab5c1", "status": 1, "t_start": 96032}
{"nonce": 0.5843185, "memfree": 82848, "token": "0.4905967", "t_stop": 99811, "tries": 0, "delay": 759, "gw": "c44f336ab5c1", "status": 1, "t_start": 99049}
{"nonce": 0.5843185, "memfree": 82800, "token": "0.3204943", "t_stop": 102831, "tries": 0, "delay": 765, "gw": "c44f336ab5c1", "status": 1, "t_start": 102063}
{"nonce": 0.5843185, "memfree": 82800, "token": "0.9255919", "t_stop": 105846, "tries": 0, "delay": 762, "gw": "c44f336ab5c1", "status": 1, "t_start": 105080}
{"nonce": 0.5843185, "memfree": 82800, "token": "0.2205684", "t_stop": 108877, "tries": 0, "delay": 758, "gw": "c44f336ab5c1", "status": 1, "t_start": 108115}
{"nonce": 0.5843185, "memfree": 82800, "token": "0.1306356", "t_stop": 111905, "tries": 0, "delay": 763, "gw": "c44f336ab5c1", "status": 1, "t_start": 111139}
{"nonce": 0.5843185, "memfree": 82800, "token": "0.7336598", "t_stop": 114925, "tries": 0, "delay": 762, "gw": "c44f336ab5c1", "status": 1, "t_start": 114159}
{"nonce": 0.5843185, "memfree": 82800, "token": "0.6731248", "t_stop": 117948, "tries": 0, "delay": 760, "gw": "c44f336ab5c1", "status": 1, "t_start": 117185}
{"nonce": 0.5843185, "memfree": 82800, "token": "0.6058334", "t_stop": 120980, "tries": 0, "delay": 763, "gw": "c44f336ab5c1", "status": 1, "t_start": 120214}
{"nonce": 0.5843185, "memfree": 82800, "token": "0.6779034", "t_stop": 135018, "tries": 1, "delay": 11780, "gw": "c44f336ab5c1", "status": 1, "t_start": 123235}
{"nonce": 0.5843185, "memfree": 82800, "token": "0.5811191", "t_stop": 138084, "tries": 0, "delay": 764, "gw": "c44f336ab5c1", "status": 1, "t_start": 137317}
{"nonce": 0.5843185, "memfree": 82832, "token": "0.874432", "t_stop": 141120, "tries": 0, "delay": 753, "gw": "c44f336ab5c1", "status": 1, "t_start": 140363}
{"nonce": 0.5843185, "memfree": 82800, "token": "0.8391802", "t_stop": 144156, "tries": 0, "delay": 758, "gw": "c44f336ab5c1", "status": 1, "t_start": 143395}
{"nonce": 0.5843185, "memfree": 82800, "token": "0.1832631", "t_stop": 147178, "tries": 0, "delay": 761, "gw": "c44f336ab5c1", "status": 1, "t_start": 146413}
{"nonce": 0.5843185, "memfree": 82800, "token": "0.3762676", "t_stop": 150198, "tries": 0, "delay": 758, "gw": "c44f336ab5c1", "status": 1, "t_start": 149437}
{"nonce": 0.5843185, "memfree": 82800, "token": "0.3596313", "t_stop": 153228, "tries": 0, "delay": 758, "gw": "c44f336ab5c1", "status": 1, "t_start": 152466}
{"nonce": 0.5843185, "memfree": 82800, "token": "0.1448827", "t_stop": 156256, "tries": 0, "delay": 759, "gw": "c44f336ab5c1", "status": 1, "t_start": 155494}
{"nonce": 0.5843185, "memfree": 82800, "token": "0.2993598", "t_stop": 159278, "tries": 0, "delay": 757, "gw": "c44f336ab5c1", "status": 1, "t_start": 158517}
{"nonce": 0.5843185, "memfree": 82800, "token": "0.5760887", "t_stop": 162298, "tries": 0, "delay": 761, "gw": "c44f336ab5c1", "status": 1, "t_start": 161534}
{"nonce": 0.5843185, "memfree": 82800, "token": "0.2724627", "t_stop": 165317, "tries": 0, "delay": 758, "gw": "c44f336ab5c1", "status": 1, "t_start": 164555}
{"nonce": 0.5843185, "memfree": 82832, "token": "0.963133", "t_stop": 168337, "tries": 0, "delay": 753, "gw": "c44f336ab5c1", "status": 1, "t_start": 167580}
