{"nonce": 0.5863106, "memfree": 82912, "token": "0.6013997", "t_stop": 46700, "tries": 4, "delay": 41806, "gw": "c44f336ab5c1", "status": 1, "t_start": 4891}
{"nonce": 0.5863106, "memfree": 82848, "token": "0.5810661", "t_stop": 49903, "tries": 0, "delay": 764, "gw": "c44f336ab5c1", "status": 1, "t_start": 49136}
