{"nonce": 0.5673985, "memfree": 82944, "token": "0.819014", "t_stop": 92844, "tries": 7, "delay": 87827, "gw": "c44f336ab5c1", "status": 1, "t_start": 5014}
{"nonce": 0.5673985, "memfree": 82848, "token": "0.8841825", "t_stop": 95819, "tries": 0, "delay": 759, "gw": "c44f336ab5c1", "status": 1, "t_start": 95057}
