{"nonce": 0.8862684, "memfree": 82944, "token": "0.640383", "t_stop": 52905, "tries": 4, "delay": 47796, "gw": "c44f336ab5c1", "status": 1, "t_start": 5105}
{"nonce": 0.8862684, "memfree": 82848, "token": "0.4678707", "t_stop": 56104, "tries": 0, "delay": 763, "gw": "c44f336ab5c1", "status": 1, "t_start": 55338}
{"nonce": 0.8862684, "memfree": 82848, "token": "0.1310476", "t_stop": 59116, "tries": 0, "delay": 758, "gw": "c44f336ab5c1", "status": 1, "t_start": 58354}
{"nonce": 0.8862684, "memfree": 82848, "token": "0.9716367", "t_stop": 62129, "tries": 0, "delay": 759, "gw": "c44f336ab5c1", "status": 1, "t_start": 61366}
{"nonce": 0.8862684, "memfree": 82848, "token": "0.7525718", "t_stop": 65145, "tries": 0, "delay": 759, "gw": "c44f336ab5c1", "status": 1, "t_start": 64383}
{"nonce": 0.8862684, "memfree": 82848, "token": "0.6070136", "t_stop": 68157, "tries": 0, "delay": 758, "gw": "c44f336ab5c1", "status": 1, "t_start": 67395}
