{"nonce": 0.9659547, "memfree": 84880, "token": "0.5695417", "t_stop": 87721, "tries": 7, "delay": 84631, "gw": "c44f336ab5c1", "status": 1, "t_start": 3087}
{"delay": 3338, "tries": 0, "t_stop": 93304, "memfree": 81680, "ACK": 0.4541935, "temp": 126, "token": 0.7899058, "frag_count": 3, "hall": 80, "received_len": 760, "t_start": 89966}
{"delay": 3332, "tries": 0, "t_stop": 97846, "memfree": 81680, "ACK": 0.4541935, "temp": 126, "token": 0.6352063, "frag_count": 3, "hall": 76, "received_len": 760, "t_start": 94514}
{"delay": 3334, "tries": 0, "t_stop": 102369, "memfree": 81680, "ACK": 0.4541935, "temp": 126, "token": 0.5740756, "frag_count": 3, "hall": 77, "received_len": 760, "t_start": 99035}
{"delay": 3338, "tries": 2, "t_stop": 131155, "memfree": 81680, "ACK": 0.4541935, "temp": 126, "token": 0.9664692, "frag_count": 2, "hall": 78, "received_len": 506, "t_start": 127817}
{"delay": 3338, "tries": 2, "t_stop": 159913, "memfree": 81680, "ACK": 0.4541935, "temp": 126, "token": 0.8698792, "frag_count": 3, "hall": 84, "received_len": 760, "t_start": 156575}
{"delay": 3337, "tries": 1, "t_stop": 176592, "memfree": 81680, "ACK": 0.4541935, "temp": 126, "token": 0.03201938, "frag_count": 3, "hall": 82, "received_len": 760, "t_start": 173255}
{"delay": 3332, "tries": 0, "t_stop": 181136, "memfree": 81680, "ACK": 0.4541935, "temp": 126, "token": 0.3666933, "frag_count": 3, "hall": 87, "received_len": 760, "t_start": 177804}
{"delay": 3326, "tries": 0, "t_stop": 185651, "memfree": 81680, "ACK": 0.4541935, "temp": 126, "token": 0.203106, "frag_count": 3, "hall": 83, "received_len": 760, "t_start": 182325}
{"delay": 3338, "tries": 20, "t_stop": 432645, "memfree": 81680, "ACK": 0.4541935, "temp": 126, "token": 0.9982499, "frag_count": 3, "hall": 82, "received_len": 760, "t_start": 429307}
{"delay": 3338, "tries": 8, "t_stop": 534047, "memfree": 81680, "ACK": 0.4541935, "temp": 126, "token": 0.6841721, "frag_count": 3, "hall": 88, "received_len": 760, "t_start": 530709}
{"delay": 3333, "tries": 0, "t_stop": 538577, "memfree": 81680, "ACK": 0.4541935, "temp": 126, "token": 0.6650307, "frag_count": 3, "hall": 82, "received_len": 760, "t_start": 535244}
{"delay": 3335, "tries": 0, "t_stop": 543108, "memfree": 81680, "ACK": 0.4541935, "temp": 126, "token": 0.04494429, "frag_count": 3, "hall": 84, "received_len": 760, "t_start": 539773}
{"delay": 3331, "tries": 0, "t_stop": 547638, "memfree": 81680, "ACK": 0.4541935, "temp": 126, "token": 0.6149495, "frag_count": 3, "hall": 77, "received_len": 760, "t_start": 544307}
{"delay": 3337, "tries": 1, "t_stop": 564333, "memfree": 81680, "ACK": 0.4541935, "temp": 126, "token": 0.4000393, "frag_count": 3, "hall": 89, "received_len": 760, "t_start": 560996}
{"delay": 3332, "tries": 0, "t_stop": 568854, "memfree": 81680, "ACK": 0.4541935, "temp": 126, "token": 0.1827511, "frag_count": 3, "hall": 86, "received_len": 760, "t_start": 565522}
{"delay": 3325, "tries": 0, "t_stop": 573360, "memfree": 81680, "ACK": 0.4541935, "temp": 126, "token": 0.715304, "frag_count": 3, "hall": 87, "received_len": 760, "t_start": 570035}
{"delay": 3339, "tries": 0, "t_stop": 577907, "memfree": 81680, "ACK": 0.4541935, "temp": 126, "token": 0.6413113, "frag_count": 3, "hall": 84, "received_len": 760, "t_start": 574568}
{"delay": 3337, "tries": 23, "t_stop": 861155, "memfree": 81680, "ACK": 0.4541935, "temp": 126, "token": 0.6900669, "frag_count": 3, "hall": 91, "received_len": 760, "t_start": 857818}
{"delay": 3337, "tries": 3, "t_stop": 902036, "memfree": 81680, "ACK": 0.4541935, "temp": 126, "token": 0.8238193, "frag_count": 2, "hall": 88, "received_len": 506, "t_start": 898699}
