{"nonce": 0.5843185, "memfree": 82800, "token": "0.9156488", "t_stop": 171348, "tries": 0, "delay": 3765, "gw": "c44f336ab5c1", "status": 1, "t_start": 167580}
{"delay": 1386, "tries": 0, "t_stop": 183599, "memfree": 82704, "ACK": 0.3989268, "temp": 127, "token": 0.707422, "frag_count": 1, "hall": 79, "received_len": 242, "t_start": 182213}
{"delay": 1392, "tries": 0, "t_stop": 189645, "memfree": 82704, "ACK": 0.3989268, "temp": 127, "token": 0.3495414, "frag_count": 1, "hall": 80, "received_len": 242, "t_start": 188253}
{"delay": 1386, "tries": 0, "t_stop": 192670, "memfree": 82672, "tmken": 0.579875, "ACK": 0.3989268, "temp": 127, "frag_count": 1, "hall": 77, "received_len": 242, "t_start": 191284}
{"delay": 1387, "tries": 0, "t_stop": 194182, "memfree": 82704, "ACK": 0.3989268, "temp": 127, "token": 0.9654789, "frag_count": 1, "hall": 70, "received_len": 242, "t_start": 192795}
{"delay": 1386, "tries": 0, "t_stop": 195702, "memfree": 82704, "ACK": 0.3989268, "temp": 127, "token": 0.7772156, "frag_count": 1, "hall": 93, "received_len": 242, "t_start": 194316}
{"delay": 1386, "tries": 0, "t_stop": 197215, "memfree": 82704, "ACK": 0.3989268, "temp": 127, "token": 0.8307744, "frag_count": 1, "hall": 79, "received_len": 242, "t_start": 195829}
{"delay": 1388, "tries": 0, "t_stop": 198736, "memfree": 82704, "ACK": 0.3989268, "temp": 127, "token": 0.2993397, "frag_count": 1, "hall": 82, "received_len": 242, "t_start": 197348}
{"delay": 1388, "tries": 0, "t_stop": 200242, "memfree": 82704, "ACK": 0.3989268, "temp": 127, "token": 0.6873399, "frag_count": 1, "hall": 83, "received_len": 242, "t_start": 198854}
{"delay": 1386, "tries": 0, "t_stop": 201761, "memfree": 82704, "ACK": 0.3989268, "temp": 127, "token": 0.9358614, "frag_count": 1, "hall": 86, "received_len": 242, "t_start": 200375}
{"delay": 1381, "tries": 0, "t_stop": 203278, "memfree": 82704, "ACK": 0.3989268, "temp": 127, "token": 0.182268, "frag_count": 1, "hall": 81, "received_len": 242, "t_start": 201897}
{"delay": 1386, "tries": 0, "t_stop": 204799, "memfree": 82704, "ACK": 0.3989268, "temp": 127, "token": 0.5614649, "frag_count": 1, "hall": 77, "received_len": 242, "t_start": 203413}
{"delay": 1386, "tries": 0, "t_stop": 206322, "memfree": 82704, "ACK": 0.3989268, "temp": 127, "token": 0.6696038, "frag_count": 1, "hall": 79, "received_len": 242, "t_start": 204936}
{"delay": 1387, "tries": 0, "t_stop": 207835, "memfree": 82704, "ACK": 0.3989268, "temp": 127, "token": 0.9714929, "frag_count": 1, "hall": 86, "received_len": 242, "t_start": 206448}
{"delay": 1387, "tries": 0, "t_stop": 209343, "memfree": 82704, "ACK": 0.3989268, "temp": 127, "token": 0.1859291, "frag_count": 1, "hall": 75, "received_len": 242, "t_start": 207956}
{"delay": 1392, "tries": 0, "t_stop": 212380, "memfree": 82704, "ACK": 0.3989268, "temp": 127, "token": 0.4914321, "frag_count": 1, "hall": 85, "received_len": 242, "t_start": 210988}
{"delay": 1387, "tries": 0, "t_stop": 213902, "memfree": 82704, "ACK": 0.3989268, "temp": 127, "token": 0.3926545, "frag_count": 1, "hall": 79, "received_len": 242, "t_start": 212516}
{"delay": 1388, "tries": 0, "t_stop": 215427, "memfree": 82704, "ACK": 0.3989268, "temp": 127, "token": 0.9932657, "frag_count": 1, "hall": 86, "received_len": 242, "t_start": 214039}
{"delay": 1380, "tries": 0, "t_stop": 216944, "memfree": 82704, "ACK": 0.3989268, "temp": 127, "token": 0.829369, "frag_count": 1, "hall": 71, "received_len": 242, "t_start": 215564}
{"delay": 1387, "tries": 0, "t_stop": 218465, "memfree": 82704, "ACK": 0.3989268, "temp": 127, "token": 0.6372403, "frag_count": 1, "hall": 76, "received_len": 242, "t_start": 217078}
{"delay": 1386, "tries": 0, "t_stop": 219993, "memfree": 82704, "ACK": 0.3989268, "temp": 127, "token": 0.6923074, "frag_count": 1, "hall": 85, "received_len": 242, "t_start": 218607}
{"delay": 1386, "tries": 0, "t_stop": 221515, "memfree": 82704, "ACK": 0.3989268, "temp": 127, "token": 0.05947232, "frag_count": 1, "hall": 84, "received_len": 242, "t_start": 220129}
{"delay": 1386, "tries": 0, "t_stop": 223044, "memfree": 82704, "ACK": 0.3989268, "temp": 127, "token": 0.5245327, "frag_count": 1, "hall": 83, "received_len": 242, "t_start": 221658}
{"delay": 1389, "tries": 0, "t_stop": 226159, "memfree": 82704, "ACK": 0.3989268, "temp": 127, "token": 0.1261609, "frag_count": 1, "hall": 80, "received_len": 242, "t_start": 224770}
{"delay": 1387, "tries": 0, "t_stop": 227695, "memfree": 82704, "ACK": 0.3989268, "temp": 127, "token": 0.7956998, "frag_count": 1, "hall": 78, "received_len": 242, "t_start": 226308}
{"delay": 1386, "tries": 0, "t_stop": 229205, "memfree": 82704, "ACK": 0.3989268, "temp": 127, "token": 0.3302255, "frag_count": 1, "hall": 82, "received_len": 242, "t_start": 227819}
{"delay": 1388, "tries": 0, "t_stop": 230723, "memfree": 82704, "ACK": 0.3989268, "temp": 127, "token": 0.04283452, "frag_count": 1, "hall": 78, "received_len": 242, "t_start": 229335}
{"delay": 1387, "tries": 0, "t_stop": 232240, "memfree": 82704, "ACK": 0.3989268, "temp": 127, "token": 0.1179179, "frag_count": 1, "hall": 86, "received_len": 242, "t_start": 230853}
